Id,Attended2016
29466,0
16223,0
28060,0
26740,0
4373,0
21362,0
28968,0
14069,0
12362,0
22543,0
19234,0
13750,0
14970,0
5937,0
7489,0
26305,0
3347,0
8743,0
17417,0
29741,0
6924,0
18972,0
13135,0
26589,0
13592,0
14799,0
18375,0
5795,0
4286,0
28465,0
20494,0
13282,0
4503,0
6579,0
4506,0
6986,0
19727,0
28716,0
13933,0
28313,0
6504,0
27877,0
14905,0
3173,0
9088,0
4463,0
21532,0
18639,0
11053,0
27544,0
26742,0
17218,0
10061,0
19310,0
10017,0
4335,0
16771,0
4640,0
6378,0
6685,0
27935,0
14494,0
13096,0
7059,0
5313,0
10814,0
20567,0
10307,0
20701,0
22892,0
28311,0
14014,0
29339,0
10203,0
20540,0
20396,0
6829,0
20139,0
5020,0
19818,0
29250,0
8082,0
28718,0
12199,0
20642,0
14836,0
7695,0
3891,0
27792,0
17306,0
16513,0
5449,0
22610,0
8384,0
15858,0
22003,0
12530,0
5317,0
16926,0
18857,0
7603,0
30349,0
8919,0
6377,0
7217,0
22401,0
27543,0
17509,0
10565,0
12152,0
7922,0
6090,0
10936,0
22057,0
9761,0
13202,0
27298,0
7185,0
21008,0
12147,0
8156,0
10526,0
11028,0
6714,0
8778,0
12966,0
7463,0
20927,0
12413,0
19923,0
14148,0
12973,0
16452,0
5009,0
22563,0
29827,0
11594,0
26198,0
26698,0
17515,0
15982,0
12571,0
5298,0
17427,0
20236,0
13349,0
28411,0
11326,0
12858,0
20668,0
28198,0
5656,0
16065,0
29675,0
25285,0
10246,0
15403,0
4441,0
8732,0
15842,0
16269,0
21495,0
20277,0
29270,0
26560,0
17607,0
28731,0
29403,0
14662,0
12825,0
17854,0
19793,0
20512,0
10344,0
5886,0
22911,0
26104,0
14652,0
19532,0
27862,0
28389,0
21717,0
27118,0
13843,0
19190,0
29151,0
12930,0
28710,0
12968,0
27864,0
6247,0
4443,0
6961,0
8460,0
4862,0
7124,0
27898,0
19729,0
29842,0
6127,0
26964,0
17193,0
21832,0
6660,0
9826,0
20988,0
20065,0
29234,0
4483,0
10002,0
9001,0
8309,0
18111,0
18275,0
9327,0
27333,0
22512,0
17300,0
22097,0
5127,0
9813,0
8203,0
7570,0
4898,0
17007,0
14583,0
3646,0
3161,0
18659,0
14511,0
21764,0
21297,0
10772,0
18565,0
7407,0
9642,0
11078,0
10076,0
13968,0
14879,0
19302,0
19091,0
20955,0
18031,0
12552,0
26739,0
18304,0
26120,0
3784,0
3587,0
8764,0
26251,0
5667,0
26657,0
27873,0
13744,0
20342,0
16872,0
4930,0
19249,0
4905,0
4580,0
19250,0
30334,0
20412,0
9129,0
20040,0
7167,0
10492,0
7743,0
9921,0
15260,0
27161,0
22525,0
19512,0
15251,0
17329,0
9198,0
17169,0
6621,0
5528,0
17092,0
18881,0
19937,0
26673,0
9172,0
8852,0
28260,0
27363,0
10793,0
19476,0
10801,0
11725,0
16932,0
27025,0
4217,0
22012,0
15182,0
6717,0
30350,0
16370,0
27012,0
28156,0
3200,0
10155,0
11465,0
24045,0
10865,0
19800,0
14705,0
10329,0
28584,0
12418,0
28056,0
5464,0
8395,0
2696,1
19918,0
4160,0
14365,0
30220,0
26873,0
3297,0
14993,0
10028,0
9836,0
14818,0
22361,0
8387,0
14626,0
15110,0
8400,0
14079,0
15797,0
7314,0
21774,0
19131,0
6690,0
26925,0
10380,0
12141,0
18913,0
17765,0
26056,0
11040,0
28392,0
12978,0
6966,0
6499,0
18145,0
22310,0
7832,0
10954,0
6073,0
17805,0
9436,0
29294,0
2621,1
8313,0
17177,0
16558,0
22450,0
26878,0
22598,0
28082,0
28879,0
5145,0
22682,0
17383,0
29279,0
29246,0
3174,0
26597,0
20220,0
5334,0
7292,0
12844,0
27841,0
10414,0
28514,0
5609,0
28210,0
18585,0
19038,0
16978,0
4358,0
9453,0
12008,0
29951,0
11654,0
3800,0
7661,0
29312,0
3507,0
22110,0
20062,0
5354,0
13590,0
18531,0
26033,0
4567,0
9013,0
8322,0
6620,0
14142,0
11241,0
11416,0
14720,0
9161,0
28675,0
20095,0
22883,0
11362,0
8568,0
20810,0
6798,0
18966,0
19652,0
3213,0
27883,0
16039,0
4771,0
6107,0
29706,0
21552,0
30219,0
28836,0
16089,0
18149,0
11421,0
29820,0
14580,0
17784,0
18647,0
14453,0
15301,0
22422,0
26067,0
10243,0
12684,0
13503,0
29671,0
11638,0
14610,0
12976,0
5257,0
17111,0
12984,0
22528,0
13436,0
5454,0
13567,0
29335,0
19613,0
8736,0
21760,0
18300,0
9685,0
15827,0
11002,0
18592,0
8926,0
3533,0
29273,0
5903,0
28350,0
6213,0
21460,0
22037,0
4293,0
4210,0
4083,0
27593,0
9570,0
19655,0
10744,0
18838,0
28230,0
16518,0
18505,0
26610,0
14267,0
27652,0
8249,0
29544,0
14586,0
14732,0
3750,0
9757,0
17598,0
11292,0
29737,0
12201,0
29228,0
10706,0
8386,0
22436,0
10836,0
29056,0
18563,0
7268,0
28989,0
11524,0
21540,0
13951,0
9758,0
20381,0
7930,0
27073,0
6021,0
18277,0
15400,0
1354,1
10141,0
17346,0
26955,0
5179,0
20965,0
21255,0
7264,0
13545,0
17695,0
29183,0
4709,0
7335,0
19449,0
4648,0
10137,0
15641,0
21636,0
6025,0
18522,0
10440,0
14105,0
28139,0
12746,0
21384,0
13776,0
3737,0
19294,0
26596,0
4617,0
13289,0
8791,0
19560,0
20313,0
11267,0
29715,0
3720,0
29386,0
6990,0
28539,0
18244,0
27382,0
5326,0
4586,0
3874,0
14656,0
1415,1
9538,0
28289,0
9780,0
17311,0
22483,0
13154,0
3244,0
10073,0
29074,0
26565,0
2267,1
17683,0
14382,0
20090,0
22400,0
3271,0
11114,0
10581,0
27734,0
11737,0
28945,0
6580,0
14845,0
9671,0
11846,0
5430,0
18066,0
13600,0
15947,0
4093,0
16865,0
27239,0
5586,0
11937,0
17224,0
26552,0
20106,0
20551,0
27960,0
19137,0
21434,0
14316,0
16869,0
16947,0
4624,0
26338,0
4127,0
27477,0
22094,0
12862,0
692,1
12480,0
19209,0
20626,0
10861,0
14775,0
5028,0
20940,0
21072,0
20263,0
13367,0
64,1
29919,0
16200,0
17212,0
11616,0
10419,0
8882,0
4811,0
13893,0
28192,0
19559,0
13653,0
3927,0
27086,0
16034,0
28265,0
29063,0
14257,0
16488,0
26829,0
6581,0
16508,0
20549,0
20101,0
9366,0
22358,0
8553,0
12056,0
28431,0
30347,0
26238,0
4636,0
17659,0
17653,0
11162,0
21312,0
14050,0
3642,0
4102,0
27545,0
15206,0
4399,0
24076,0
5786,0
29884,0
4565,0
14011,0
3843,0
14080,0
9024,0
27140,0
9944,0
26558,0
11818,0
6372,0
19062,0
19784,0
5275,0
29170,0
20774,0
22854,0
19664,0
29882,0
15749,0
11048,0
20004,0
21934,0
13984,0
26114,0
3626,0
5801,0
4012,0
3597,0
6322,0
8544,0
11084,0
12095,0
22596,0
17175,0
6916,0
9706,0
5926,0
21159,0
22253,0
5753,0
26664,0
196,1
7398,0
8543,0
24482,0
27977,0
15703,0
15454,0
15415,0
21577,0
30196,0
22274,0
27410,0
14911,0
10712,0
12071,0
6358,0
17674,0
8014,0
28502,0
4121,0
10346,0
19035,0
10831,0
22851,0
13618,0
3380,0
26352,0
12237,0
28646,0
18128,0
27744,0
11771,0
22166,0
18348,0
22002,0
7449,0
11515,0
29735,0
6013,0
28005,0
11300,0
18340,0
21648,0
18218,0
19291,0
29800,0
11420,0
15386,0
6355,0
21762,0
6977,0
6884,0
13779,0
16032,0
23134,0
22374,0
4013,0
30036,0
19874,0
7558,0
5759,0
11097,0
11190,0
26271,0
19077,0
18268,0
2322,1
26817,0
27874,0
5011,0
8381,0
29619,0
19455,0
5632,0
21112,0
4252,0
1930,1
28182,0
7482,0
11510,0
22480,0
20444,0
16212,0
11404,0
11755,0
30011,0
14686,0
19158,0
8586,0
9151,0
18214,0
11535,0
5239,0
26508,0
11490,0
16964,0
1168,1
1106,1
11792,0
10310,0
27677,0
27364,0
7601,0
14915,0
5176,0
26449,0
21376,0
15832,0
14653,0
3159,0
6436,0
6489,0
10940,0
14789,0
29176,0
13905,0
13244,0
19841,0
3243,0
3895,0
17445,0
13755,0
14804,0
22785,0
19272,0
8487,0
18965,0
28343,0
29539,0
8029,0
27241,0
5398,0
20114,0
18271,0
18354,0
22903,0
9215,0
9995,0
4062,0
8003,0
8805,0
19973,0
30359,0
5752,0
28768,0
9364,0
12850,0
20448,0
27577,0
14537,0
19634,0
27362,0
11777,0
7490,0
4294,0
19622,0
16369,0
499,1
6830,0
21024,0
9009,0
26075,0
9309,0
8933,0
4308,0
1067,1
13474,0
29534,0
5644,0
27840,0
19098,0
10696,0
6100,0
6007,0
3448,0
20779,0
19163,0
18503,0
6937,0
9362,0
5616,0
21996,0
26372,0
19505,0
4685,0
11232,0
29870,0
21641,0
7924,0
7256,0
9315,0
10955,0
19763,0
20881,0
14690,0
20294,0
5568,0
5057,0
20208,0
7440,0
10003,0
29503,0
19288,0
17697,0
17447,0
12760,0
11957,0
12258,0
12731,0
29367,0
19241,0
22320,0
12829,0
22236,0
21545,0
2476,1
5988,0
13632,0
21586,0
7948,0
21506,0
13434,0
14110,0
26323,0
8055,0
19599,0
22649,0
14322,0
5561,0
22925,0
7084,0
4245,0
14018,0
17097,0
15090,0
17937,0
13121,0
21609,0
17661,0
9597,0
10917,0
2176,1
3546,0
28353,0
8679,0
5488,0
17698,0
8269,0
22395,0
5304,0
28876,0
11270,0
10859,0
20542,0
30005,0
7903,0
16565,0
22452,0
12666,0
26630,0
16682,0
9789,0
4631,0
6971,0
11722,0
19097,0
17866,0
10825,0
13914,0
7027,0
20670,0
28920,0
2791,1
28114,0
22517,0
30218,0
26377,0
26404,0
28559,0
21094,0
21672,0
7280,0
4416,0
28552,0
11592,0
410,1
19572,0
14649,0
27522,0
7258,0
17605,0
18780,0
6550,0
17490,0
8871,0
14593,0
14739,0
2383,1
9747,0
22041,0
15407,0
28832,0
7896,0
7271,0
20754,0
17284,0
15592,0
28640,0
7964,0
29967,0
29524,0
22086,0
13238,0
10168,0
10196,0
2071,1
819,1
6754,0
4307,0
19284,0
10721,0
5842,0
9108,0
30313,0
14000,0
20127,0
15159,0
13799,0
13008,0
22129,0
13574,0
28498,0
2203,1
12125,0
8524,0
13058,0
4181,0
20798,0
3897,0
29322,0
11813,0
6738,0
21583,0
19876,0
13816,0
28751,0
19251,0
27941,0
10334,0
26421,0
22338,0
26688,0
17407,0
5171,0
7216,0
8554,0
11111,0
18681,0
479,1
5473,0
21364,0
19453,0
18821,0
16701,0
19356,0
27223,0
27196,0
9902,0
3355,0
29124,0
19814,0
7130,0
27484,0
922,1
10871,0
28528,0
18716,0
6038,0
13629,0
12927,0
3294,0
8295,0
12384,0
10483,0
21846,0
30183,0
14359,0
19008,0
13431,0
19355,0
18360,0
15409,0
5788,0
8420,0
20746,0
4279,0
21653,0
10036,0
18873,0
6113,0
10139,0
21690,0
19381,0
27207,0
10332,0
19902,0
22866,0
5675,0
15124,0
1272,1
14693,0
27909,0
27968,0
10336,0
805,1
5585,0
16751,0
6824,0
6283,0
17927,0
26345,0
7395,0
19274,0
18528,0
15646,0
14484,0
13621,0
18553,0
2293,1
18039,0
19963,0
20950,0
15851,0
20010,0
9876,0
19658,0
20745,0
26827,0
30004,0
6736,0
15173,0
20885,0
8671,0
13719,0
29937,0
12877,0
28155,0
21283,0
9614,0
11804,0
6193,0
28243,0
3834,0
18496,0
17206,0
3570,0
20868,0
2444,1
5246,0
7949,0
5943,0
8979,0
2691,1
15453,0
13292,0
14621,0
14281,0
26326,0
8451,0
4708,0
20074,0
11684,0
12222,0
20160,0
26847,0
996,1
18867,0
15906,0
16057,0
15904,0
3332,0
6337,0
22018,0
4451,0
6809,0
3163,0
11388,0
22010,0
28466,0
11369,0
26211,0
6866,0
4498,0
29769,0
7063,0
8802,0
26329,0
22458,0
20695,0
26896,0
19665,0
18175,0
29859,0
6936,0
16268,0
11962,0
4940,0
15440,0
11954,0
11874,0
13896,0
3526,0
8508,0
17675,0
16090,0
4495,0
28077,0
10668,0
30148,0
26217,0
11741,0
2746,1
8615,0
26712,0
3480,0
19716,0
19934,0
16066,0
21069,0
20170,0
17021,0
4904,0
10097,0
18730,0
10025,0
5523,0
5809,0
7495,0
16232,0
7533,0
8894,0
5938,0
4909,0
11489,0
17578,0
27929,0
7330,0
20358,0
28535,0
3335,0
16393,0
27885,0
8941,0
30396,0
20395,0
8789,0
26242,0
19204,0
11319,0
470,1
2204,1
20022,0
20143,0
15580,0
26614,0
16038,0
29067,0
12845,0
7487,0
30206,0
15566,0
21233,0
29481,0
17458,0
15233,0
21292,0
27967,0
15514,0
29878,0
13300,0
15278,0
11701,0
28973,0
29350,0
22575,0
17269,0
22627,0
15722,0
5131,0
92,1
16922,0
29501,0
29846,0
22544,0
19911,0
21908,0
21437,0
27395,0
26088,0
14325,0
16142,0
26976,0
10259,0
6646,0
14620,0
9284,0
9812,0
27894,0
3726,0
22808,0
19798,0
12511,0
15568,0
10952,0
13889,0
26233,0
16058,0
12052,0
27780,0
13991,0
21779,0
5927,0
26570,0
27834,0
21757,0
23181,0
18234,0
15732,0
15828,0
15236,0
6913,0
3556,0
9884,0
22897,0
6508,0
21956,0
8233,0
14633,0
10990,0
26234,0
3266,0
16579,0
26464,0
14766,0
17368,0
29568,0
22863,0
5556,0
27501,0
13414,0
7467,0
10293,0
17042,0
22461,0
20227,0
5477,0
29851,0
27940,0
26124,0
15479,0
10537,0
27361,0
2978,1
6771,0
2220,1
19376,0
14006,0
18463,0
12045,0
9996,0
6035,0
21167,0
13090,0
4546,0
19702,0
6318,0
26327,0
17507,0
8088,0
11363,0
16749,0
22078,0
6224,0
16004,0
16549,0
13306,0
10640,0
14307,0
10635,0
9281,0
20256,0
17133,0
21925,0
16329,0
22036,0
5400,0
19772,0
19058,0
6331,0
29841,0
5032,0
28163,0
29548,0
30389,0
21407,0
28602,0
12507,0
22597,0
15682,0
16376,0
12607,0
9856,0
11238,0
5403,0
22648,0
19198,0
3104,0
4025,0
6948,0
27903,0
9294,0
10571,0
23878,0
17353,0
1389,1
30362,0
1038,1
6462,0
16547,0
20496,0
5575,0
6945,0
27799,0
9348,0
12710,0
7369,0
13768,0
3160,0
3447,0
17203,0
20863,0
27122,0
6997,0
20788,0
3343,0
5191,0
11148,0
7850,0
26510,0
4337,0
12106,0
12137,0
21185,0
8299,0
29848,0
9804,0
27314,0
21263,0
16533,0
15624,0
14102,0
16151,0
14604,0
22432,0
22718,0
20720,0
9631,0
3977,0
9955,0
29113,0
3238,0
21936,0
13709,0
6576,0
12139,0
6838,0
5668,0
13442,0
14893,0
19045,0
21700,0
2446,1
15405,0
8001,0
17550,0
15353,0
481,1
10893,0
4396,0
18202,0
7132,0
22053,0
7970,0
20373,0
18619,0
29549,0
3812,0
24978,0
15406,0
19504,0
9276,0
5521,0
21451,0
8517,0
29277,0
8654,0
7720,0
27732,0
26236,0
5132,0
27203,0
17931,0
28721,0
18560,0
12402,0
7016,0
28762,0
14213,0
12870,0
9473,0
29703,0
7868,0
16396,0
4622,0
27770,0
22029,0
17466,0
8042,0
16444,0
27634,0
8648,0
17684,0
12923,0
20689,0
1473,1
28977,0
17951,0
5664,0
22378,0
28263,0
30309,0
1173,1
9148,0
7220,0
18138,0
19434,0
16871,0
28910,0
12115,0
12231,0
9667,0
13875,0
17962,0
9012,0
9786,0
7401,0
21058,0
12072,0
18884,0
8591,0
3318,0
22881,0
9063,0
7094,0
7281,0
14826,0
17613,0
13345,0
18759,0
18162,0
5784,0
30187,0
15687,0
27051,0
28605,0
6286,0
18998,0
12523,0
6751,0
21400,0
9401,0
13334,0
14955,0
27905,0
6438,0
9594,0
12399,0
19184,0
15929,0
3158,0
23903,0
9946,0
19529,0
12883,0
29290,0
4897,0
10894,0
28020,0
9051,0
2837,1
8278,0
17462,0
1837,1
19810,0
16496,0
4385,0
29190,0
28375,0
16726,0
12297,0
26894,0
8996,0
1470,1
28360,0
8270,0
30296,0
5207,0
11228,0
29616,0
20698,0
13328,0
19468,0
15300,0
10224,0
17115,0
8900,0
10757,0
13324,0
27198,0
14369,0
21028,0
9923,0
7006,0
16176,0
14796,0
16746,0
17492,0
18515,0
14051,0
8012,0
20664,0
20058,0
22839,0
12017,0
11702,0
3071,0
15517,0
7243,0
27247,0
9763,0
16055,0
11252,0
11345,0
21748,0
26615,0
28849,0
11617,0
28867,0
19953,0
16825,0
5714,0
18061,0
7141,0
12138,0
11943,0
26744,0
11191,0
11314,0
1678,1
16352,0
7792,0
12560,0
8914,0
30312,0
5501,0
6535,0
19329,0
29328,0
16117,0
14049,0
5078,0
17209,0
3340,0
29756,0
16279,0
3127,0
16152,0
27878,0
13806,0
20063,0
12738,0
10844,0
19595,0
27149,0
6577,0
10994,0
14460,0
6791,0
3186,0
14735,0
19364,0
28124,0
29098,0
26843,0
21177,0
21982,0
20647,0
30285,0
30118,0
15318,0
19762,0
21458,0
10266,0
14758,0
7112,0
10496,0
29116,0
29817,0
3176,0
6772,0
3525,0
8190,0
27757,0
27409,0
8224,0
12126,0
3500,0
9033,0
17660,0
3969,0
9210,0
17038,0
13741,0
8529,0
20362,0
9662,0
5918,0
17855,0
4311,0
22725,0
7953,0
4428,0
6845,0
46,1
21007,0
17681,0
29929,0
12260,0
27110,0
16662,0
11774,0
6470,0
14632,0
19039,0
11102,0
16490,0
14185,0
21644,0
23068,0
8793,0
14803,0
28172,0
16397,0
10786,0
3688,0
10008,0
26368,0
21081,0
26643,0
6465,0
17228,0
15299,0
7646,0
20418,0
11721,0
17157,0
11820,0
10157,0
22276,0
15314,0
18570,0
16484,0
19235,0
3298,0
7633,0
26483,0
8337,0
7984,0
27938,0
16810,0
28383,0
20218,0
2899,1
16999,0
20425,0
3320,0
29613,0
29120,0
27217,0
8831,0
13787,0
5955,0
10982,0
17229,0
20268,0
4317,0
5716,0
9072,0
10186,0
19645,0
14243,0
28543,0
8274,0
653,1
15776,0
17185,0
27250,0
30161,0
5544,0
14291,0
10248,0
27284,0
4547,0
28793,0
5956,0
4365,0
9899,0
5522,0
6600,0
5444,0
5549,0
18525,0
15082,0
4971,0
10850,0
9102,0
21709,0
10315,0
3881,0
6860,0
4173,0
15903,0
10386,0
7213,0
3528,0
3504,0
10604,0
28892,0
27891,0
12786,0
6588,0
17425,0
6315,0
12990,0
9180,0
27067,0
19126,0
27221,0
13872,0
19450,0
27662,0
21781,0
22396,0
5816,0
11447,0
5485,0
16793,0
13195,0
20959,0
17257,0
16867,0
26617,0
22765,0
4521,0
27447,0
2235,1
18235,0
8504,0
27015,0
30009,0
27378,0
14957,0
14983,0
27168,0
27115,0
8324,0
18981,0
10288,0
9374,0
29208,0
30253,0
16337,0
10508,0
6963,0
28720,0
30185,0
28549,0
7470,0
6482,0
17166,0
14459,0
3948,0
20686,0
7048,0
11680,0
17853,0
25274,0
13076,0
13261,0
20849,0
17437,0
28293,0
17272,0
8244,0
8609,0
22219,0
15913,0
13341,0
27426,0
19460,0
18980,0
17544,0
9388,0
3434,0
26358,0
4737,0
18459,0
16532,0
21195,0
26631,0
13794,0
18144,0
4118,0
18396,0
26138,0
16238,0
22876,0
6369,0
27638,0
18167,0
4839,0
10085,0
12330,0
20675,0
18288,0
762,1
18070,0
8531,0
19663,0
15346,0
19955,0
17134,0
17242,0
12529,0
30154,0
29569,0
3172,0
9695,0
27283,0
20579,0
19497,0
6324,0
16173,0
30180,0
4333,0
20134,0
19461,0
19915,0
17510,0
20198,0
28732,0
26191,0
17159,0
28722,0
7079,0
4445,0
19801,0
5812,0
14918,0
22908,0
26646,0
29013,0
9869,0
5266,0
7742,0
20125,0
27213,0
16118,0
20451,0
10902,0
21114,0
30319,0
7716,0
16858,0
27945,0
28852,0
9922,0
27013,0
27120,0
16483,0
14810,0
22398,0
14379,0
3665,0
9377,0
7785,0
19864,0
16717,0
8959,0
12180,0
27394,0
18984,0
18689,0
20467,0
11552,0
20417,0
13704,0
22191,0
11335,0
20489,0
28116,0
14333,0
27229,0
13694,0
9007,0
6118,0
14225,0
15417,0
16083,0
8589,0
11411,0
13042,0
17623,0
9939,0
13596,0
1118,1
27041,0
27290,0
19031,0
6020,0
15822,0
3421,0
11193,0
9482,0
17255,0
17939,0
11354,0
26034,0
6693,0
15871,0
21308,0
2626,1
10112,0
8632,0
22915,0
9312,0
14545,0
20595,0
10309,0
16366,0
11006,0
29195,0
14162,0
6376,0
6328,0
14416,0
6585,0
21254,0
8606,0
26101,0
6344,0
8459,0
12274,0
3810,0
20135,0
5547,0
10939,0
3680,0
12723,0
12449,0
30330,0
10586,0
2253,1
20565,0
10305,0
6840,0
15648,0
27128,0
5429,0
8391,0
28135,0
22782,0
9150,0
8884,0
12535,0
27019,0
6496,0
6200,0
14613,0
15115,0
6125,0
14746,0
26460,0
10159,0
29850,0
7047,0
15277,0
19159,0
21835,0
13387,0
26448,0
4156,0
6847,0
5762,0
5732,0
27119,0
18208,0
22586,0
30068,0
6570,0
20989,0
27952,0
29996,0
10245,0
13203,0
14725,0
29084,0
3388,0
8694,0
30294,0
12463,0
19210,0
12348,0
27765,0
19417,0
4759,0
8782,0
7652,0
15519,0
16103,0
16760,0
10104,0
21729,0
7536,0
10851,0
12196,0
13136,0
27555,0
1144,1
20104,0
29911,0
18387,0
13726,0
18361,0
27255,0
16998,0
16119,0
1574,1
27810,0
18626,0
16615,0
28474,0
27348,0
11908,0
7392,0
15658,0
8917,0
22659,0
14578,0
15377,0
7182,0
5701,0
10738,0
27546,0
8344,0
5350,0
8759,0
18633,0
16321,0
29032,0
13850,0
16422,0
10906,0
15294,0
27966,0
16608,0
20456,0
7288,0
27922,0
29644,0
18363,0
10616,0
12224,0
26494,0
15352,0
15313,0
11424,0
29162,0
18637,0
12040,0
12026,0
4684,0
21439,0
3371,0
7471,0
11060,0
16715,0
3037,0
12387,0
15645,0
6171,0
15148,0
4813,0
19426,0
14549,0
10839,0
20952,0
11845,0
6755,0
14619,0
11192,0
22045,0
9081,0
20867,0
5968,0
7817,0
3300,0
26333,0
14703,0
12163,0
10347,0
7568,0
27580,0
17771,0
22636,0
9318,0
15218,0
29636,0
3877,0
12512,0
14209,0
16828,0
17954,0
26493,0
26960,0
15015,0
21214,0
18322,0
27815,0
14466,0
21740,0
22016,0
13895,0
29154,0
25458,0
19324,0
17633,0
17900,0
18168,0
17099,0
27627,0
10363,0
7673,0
13676,0
14710,0
10968,0
29520,0
16077,0
13240,0
8002,0
4699,0
16580,0
19240,0
21654,0
7749,0
4975,0
13690,0
9900,0
5196,0
7582,0
17287,0
14448,0
27343,0
29657,0
2535,1
13271,0
18632,0
27568,0
5137,0
5108,0
15214,0
19666,0
27629,0
28140,0
21601,0
26313,0
4033,0
27725,0
1953,1
7361,0
15605,0
15430,0
30135,0
21119,0
30042,0
29245,0
19244,0
21435,0
29015,0
26741,0
10050,0
15319,0
16938,0
13807,0
16959,0
30090,0
12168,0
15967,0
7338,0
19365,0
29702,0
15808,0
11135,0
21426,0
6167,0
30191,0
3712,0
8552,0
15231,0
9475,0
21712,0
18791,0
4757,0
3633,0
13836,0
5869,0
3469,0
5540,0
19894,0
14467,0
21553,0
29679,0
27393,0
11153,0
15883,0
7764,0
13460,0
4730,0
7799,0
26978,0
21824,0
12202,0
14469,0
29977,0
21619,0
15286,0
10535,0
9484,0
20603,0
26980,0
15195,0
4316,0
29654,0
22661,0
17397,0
14116,0
28830,0
16569,0
18766,0
12541,0
3612,0
11387,0
29144,0
3258,0
13304,0
4345,0
9623,0
22301,0
4583,0
6804,0
10891,0
28645,0
26981,0
28055,0
28933,0
9143,0
11339,0
3654,0
15609,0
20440,0
29663,0
7819,0
13810,0
9774,0
20403,0
7485,0
5287,0
14788,0
12059,0
5031,0
25919,0
19882,0
8096,0
16080,0
383,1
326,1
20050,0
6568,0
3832,0
8417,0
5628,0
22781,0
28848,0
2953,1
14258,0
22134,0
7015,0
3957,0
27944,0
9018,0
10996,0
17267,0
19594,0
22421,0
22893,0
9956,0
26482,0
18276,0
14684,0
11486,0
28469,0
21101,0
15448,0
22101,0
13353,0
13566,0
21236,0
14114,0
8026,0
15489,0
22526,0
7916,0
4211,0
29605,0
17147,0
5893,0
10538,0
6256,0
10609,0
17324,0
20759,0
22701,0
19006,0
21052,0
22631,0
18822,0
22142,0
5884,0
11139,0
10390,0
5517,0
19319,0
6348,0
10676,0
17406,0
5793,0
27353,0
7499,0
5381,0
4491,0
30078,0
13457,0
26548,0
16819,0
28816,0
15094,0
27035,0
12851,0
20571,0
14933,0
13853,0
5574,0
30109,0
14025,0
10130,0
20758,0
28521,0
30117,0
26388,0
29071,0
8746,0
27822,0
6534,0
3334,0
4015,0
28491,0
6707,0
21831,0
17889,0
11645,0
8728,0
17076,0
25665,0
22299,0
20207,0
6216,0
20318,0
15316,0
20334,0
12980,0
20181,0
14667,0
3282,0
11306,0
5280,0
11432,0
10009,0
7893,0
21784,0
16641,0
18397,0
17295,0
16740,0
29470,0
7122,0
8784,0
5442,0
17717,0
14183,0
462,1
5163,0
9792,0
7207,0
18737,0
4043,0
20845,0
11816,0
5620,0
16675,0
10862,0
3902,0
8005,0
14945,0
28058,0
12577,0
14076,0
8731,0
29005,0
8280,0
21473,0
10062,0
19592,0
7101,0
9979,0
12355,0
14935,0
16873,0
19871,0
21872,0
10692,0
28915,0
8856,0
26814,0
26922,0
28567,0
17689,0
7149,0
26486,0
11911,0
19960,0
18823,0
29062,0
20884,0
15303,0
8356,0
22265,0
7013,0
16338,0
13022,0
18934,0
16445,0
18938,0
22693,0
16620,0
16979,0
11992,0
7350,0
27590,0
5641,0
20364,0
27787,0
28571,0
30351,0
3704,0
27783,0
12987,0
5681,0
8058,0
18642,0
17237,0
23629,0
16159,0
17465,0
11158,0
16647,0
21146,0
11367,0
21608,0
20491,0
6197,0
5908,0
27310,0
6219,0
26574,0
9665,0
11657,0
13617,0
15979,0
4342,0
17538,0
20477,0
3337,0
5856,0
7748,0
14464,0
22868,0
14431,0
14730,0
19100,0
163,1
3065,0
22714,0
8940,0
6520,0
14594,0
11539,0
27374,0
4606,0
16597,0
17483,0
17506,0
28221,0
17749,0
28808,0
16387,0
11794,0
5733,0
5415,0
13531,0
27500,0
29122,0
22730,0
3823,0
30006,0
3021,0
9699,0
21909,0
10301,0
21818,0
29497,0
17344,0
11321,0
12793,0
29030,0
13798,0
9726,0
22280,0
5341,0
9019,0
3942,0
17885,0
12625,0
11502,0
28403,0
29855,0
27135,0
8865,0
29611,0
15739,0
15436,0
3241,0
3399,0
13994,0
13634,0
6185,0
26447,0
28344,0
20676,0
10467,0
11709,0
14570,0
16361,0
14857,0
4746,0
5552,0
22645,0
18575,0
14091,0
4960,0
18139,0
11995,0
7257,0
15168,0
5823,0
16834,0
5611,0
4950,0
7527,0
28774,0
30007,0
16137,0
8579,0
5016,0
27313,0
19318,0
7981,0
28634,0
7762,0
7947,0
16245,0
29236,0
10759,0
3777,0
22319,0
21826,0
20848,0
12597,0
13099,0
29767,0
9842,0
26017,0
5457,0
15870,0
14137,0
21770,0
5189,0
15199,0
13647,0
1107,1
30310,0
8698,0
8740,0
29897,0
30391,0
26772,0
29614,0
16027,0
26924,0
18813,0
8348,0
11546,0
3562,0
30213,0
27316,0
16646,0
6206,0
1978,1
12433,0
12788,0
14454,0
3641,0
3112,0
5310,0
16630,0
29207,0
26163,0
13666,0
22273,0
20463,0
23020,0
21596,0
9687,0
3635,0
15945,0
3938,0
18925,0
5482,0
22271,0
15425,0
8540,0
18798,0
19188,0
10232,0
16371,0
21808,0
5114,0
21521,0
10732,0
19795,0
15874,0
15292,0
16769,0
16265,0
8539,0
29515,0
20912,0
6792,0
29264,0
19697,0
8570,0
29909,0
22662,0
10078,0
16487,0
14311,0
26320,0
14197,0
5281,0
20973,0
4511,0
11563,0
14396,0
10377,0
19537,0
5221,0
57,1
493,1
18201,0
10963,0
12268,0
5742,0
26910,0
15748,0
5214,0
9289,0
28189,0
27180,0
29463,0
4652,0
2979,1
22542,0
30232,0
1987,1
4849,0
15811,0
9191,0
13625,0
14134,0
5199,0
20374,0
17172,0
29974,0
9845,0
5977,0
7496,0
17298,0
13185,0
28358,0
4186,0
16687,0
9814,0
7543,0
8449,0
13033,0
14371,0
6978,0
28900,0
19563,0
4187,0
6361,0
19270,0
15293,0
10760,0
18255,0
16128,0
18381,0
11289,0
20217,0
3980,0
17956,0
19419,0
7394,0
5897,0
3863,0
11583,0
18577,0
27887,0
10045,0
29609,0
8880,0
4814,0
15693,0
9840,0
15746,0
29211,0
11105,0
9553,0
8004,0
22382,0
351,1
15491,0
28700,0
21923,0
27303,0
8127,0
29519,0
7879,0
19132,0
29783,0
22397,0
19682,0
2569,1
12798,0
9395,0
12256,0
7498,0
22365,0
10424,0
7643,0
26990,0
21282,0
10709,0
7665,0
26694,0
17929,0
29936,0
11835,0
27788,0
27800,0
10370,0
27026,0
16241,0
18287,0
10205,0
9005,0
12486,0
14722,0
8643,0
6927,0
27654,0
13593,0
9112,0
16747,0
13025,0
28629,0
19436,0
15499,0
30102,0
13198,0
6450,0
1066,1
11365,0
21661,0
6702,0
22758,0
10957,0
17161,0
12674,0
16185,0
20744,0
6086,0
22706,0
12497,0
6346,0
28510,0
15344,0
27933,0
17662,0
11650,0
16933,0
22352,0
20724,0
6130,0
9222,0
28785,0
22259,0
10482,0
6775,0
18978,0
10884,0
21589,0
4165,0
19136,0
11305,0
28770,0
18882,0
21812,0
6413,0
13532,0
27992,0
11983,0
17002,0
5851,0
18179,0
21993,0
2101,1
6984,0
26405,0
5323,0
6439,0
11054,0
11092,0
720,1
20119,0
17884,0
9892,0
16261,0
12132,0
27833,0
12604,0
21030,0
13427,0
1531,1
27631,0
11050,0
28851,0
3463,0
14176,0
14738,0
15140,0
15688,0
19527,0
27576,0
14246,0
20320,0
4462,0
10393,0
4936,0
20224,0
6072,0
12333,0
14861,0
19292,0
20781,0
16101,0
29262,0
6783,0
18767,0
20532,0
26945,0
1493,1
887,1
12907,0
12232,0
8954,0
26201,0
27962,0
8256,0
1474,1
21763,0
27134,0
9246,0
16394,0
27055,0
7606,0
11259,0
16250,0
17589,0
28591,0
12042,0
18801,0
22311,0
5134,0
25156,0
17006,0
30016,0
5093,0
19905,0
28659,0
12323,0
28771,0
4108,0
8090,0
4460,0
26435,0
22791,0
3027,0
10566,0
14520,0
13819,0
6839,0
8496,0
3247,0
13447,0
26821,0
11355,0
28352,0
13817,0
19092,0
5474,0
20757,0
8629,0
16459,0
18223,0
17381,0
11949,0
10770,0
13249,0
12614,0
10285,0
9563,0
3124,0
19744,0
16076,0
14044,0
30301,0
18939,0
27994,0
6639,0
5798,0
28468,0
18405,0
17168,0
1449,1
7355,0
9752,0
17785,0
22605,0
23,1
28153,0
10843,0
21454,0
15603,0
23924,0
6805,0
12815,0
27342,0
15770,0
28661,0
27921,0
16807,0
6846,0
26285,0
9841,0
4719,0
17976,0
6066,0
15577,0
15667,0
27109,0
27805,0
3470,0
15455,0
5814,0
9532,0
28247,0
6766,0
8192,0
5136,0
8674,0
20078,0
7233,0
17196,0
21546,0
5579,0
14208,0
21659,0
5951,0
9858,0
13546,0
13141,0
10102,0
7980,0
7008,0
18687,0
20606,0
29829,0
28002,0
13064,0
30050,0
26556,0
14310,0
10907,0
8519,0
13684,0
6181,0
9097,0
15034,0
6088,0
10027,0
26517,0
29980,0
4562,0
27882,0
2877,1
21930,0
10876,0
1380,1
11302,0
9091,0
17703,0
8536,0
15185,0
27564,0
29476,0
2215,1
16063,0
4405,0
12033,0
11750,0
29287,0
19105,0
20045,0
26249,0
9083,0
4927,0
26865,0
13873,0
15738,0
19335,0
14962,0
22887,0
19261,0
28905,0
21152,0
24979,0
6661,0
25396,0
5193,0
27844,0
2225,1
12487,0
22315,0
9498,0
29230,0
16920,0
16887,0
7385,0
18438,0
11215,0
14707,0
1315,1
13510,0
14394,0
18894,0
18502,0
22692,0
14121,0
13877,0
2239,1
20452,0
18033,0
13235,0
10589,0
20273,0
18346,0
3165,0
12442,0
26351,0
7228,0
11093,0
12164,0
24820,0
29363,0
17654,0
10711,0
14726,0
24899,0
19205,0
22884,0
10763,0
16808,0
1606,1
3301,0
26656,0
19616,0
27324,0
20717,0
15744,0
5328,0
30108,0
8899,0
11826,0
21375,0
14298,0
15160,0
13769,0
29409,0
9546,0
22478,0
6516,0
12061,0
28105,0
22145,0
6299,0
14039,0
20038,0
29399,0
28845,0
21281,0
16845,0
18199,0
15917,0
20923,0
12128,0
8218,0
21318,0
14283,0
4561,0
25609,0
5708,0
29057,0
12775,0
6188,0
7977,0
28441,0
16952,0
3775,0
21840,0
20409,0
9877,0
18443,0
8807,0
15888,0
20191,0
17340,0
21634,0
7318,0
6638,0
17904,0
12600,0
5996,0
9182,0
4152,0
19994,0
26079,0
29334,0
5933,0
28359,0
3673,0
6648,0
27997,0
26832,0
26314,0
7770,0
6911,0
28527,0
3259,0
7765,0
13461,0
17264,0
17996,0
14273,0
10351,0
1976,1
7090,0
19997,0
26262,0
20834,0
19150,0
28685,0
9791,0
26020,0
30225,0
19628,0
7580,0
8770,0
17952,0
10627,0
18335,0
14088,0
28633,0
14020,0
7253,0
18024,0
26857,0
28850,0
13153,0
12920,0
3130,0
9527,0
7794,0
27529,0
17555,0
21942,0
18740,0
3833,0
26108,0
22414,0
28001,0
18746,0
13949,0
15988,0
28049,0
30217,0
13915,0
17019,0
19884,0
17829,0
6720,0
2876,1
28044,0
27626,0
29272,0
29022,0
16276,0
5424,0
16852,0
29826,0
27237,0
30026,0
17106,0
22817,0
26458,0
15685,0
18812,0
28444,0
10366,0
16741,0
21537,0
14128,0
9539,0
21264,0
26534,0
16812,0
7926,0
13309,0
16602,0
5535,0
10951,0
6786,0
20161,0
4011,0
26777,0
5957,0
19531,0
11347,0
7454,0
14896,0
19104,0
13727,0
7366,0
6726,0
5781,0
24864,0
6536,0
5945,0
1599,1
9256,0
8062,0
21694,0
16305,0
4538,0
12156,0
28618,0
10547,0
9669,0
19422,0
13445,0
28713,0
18788,0
19586,0
17909,0
21939,0
7563,0
20169,0
11390,0
17773,0
14107,0
14729,0
11993,0
8986,0
16539,0
13384,0
13356,0
5877,0
27458,0
27961,0
17233,0
14571,0
24259,0
29257,0
27299,0
19786,0
16287,0
3614,0
14932,0
29158,0
3701,0
16005,0
7023,0
5483,0
26805,0
9038,0
27179,0
15364,0
5777,0
8289,0
21187,0
11391,0
9124,0
29033,0
8123,0
13979,0
28438,0
886,1
27949,0
1096,1
8982,0
12965,0
1759,1
1609,1
16857,0
8636,0
11324,0
12901,0
27827,0
17726,0
27963,0
7812,0
17001,0
6333,0
12208,0
9113,0
27306,0
26816,0
18429,0
3904,0
20122,0
12780,0
30085,0
13319,0
180,1
5790,0
18509,0
19886,0
26297,0
24460,0
22768,0
27383,0
21766,0
8405,0
4812,0
6255,0
12562,0
21591,0
15699,0
17667,0
26737,0
26613,0
29669,0
5684,0
15836,0
11261,0
3858,0
15432,0
21116,0
20843,0
10967,0
9425,0
12602,0
6174,0
1187,1
6194,0
14635,0
17679,0
6657,0
16299,0
27858,0
27930,0
17988,0
28508,0
21267,0
21405,0
10122,0
13400,0
10268,0
13421,0
26795,0
26308,0
26035,0
3748,0
6477,0
26164,0
28847,0
13702,0
2982,1
29554,0
16509,0
16448,0
21836,0
18012,0
19703,0
20386,0
11167,0
12353,0
11351,0
6237,0
12971,0
19106,0
6952,0
8411,0
28385,0
26666,0
9510,0
17080,0
11205,0
18584,0
15106,0
27194,0
6111,0
30284,0
18158,0
12758,0
21386,0
16267,0
6414,0
29885,0
15087,0
9646,0
12671,0
26264,0
21823,0
5855,0
5100,0
15345,0
5150,0
9477,0
7910,0
22001,0
20002,0
19439,0
28078,0
20997,0
6349,0
11217,0
16465,0
8442,0
13876,0
12682,0
19787,0
16195,0
13814,0
13797,0
6932,0
6784,0
22521,0
12539,0
17453,0
18430,0
4303,0
27279,0
21887,0
13707,0
10597,0
6565,0
15712,0
20960,0
14954,0
16895,0
18291,0
7874,0
5283,0
26030,0
20276,0
22735,0
29253,0
4227,0
26708,0
13049,0
29297,0
14979,0
7423,0
14289,0
27090,0
5724,0
3483,0
198,1
11268,0
20404,0
12144,0
28962,0
7276,0
14366,0
19463,0
9100,0
21631,0
9915,0
3561,0
11649,0
11184,0
17921,0
26765,0
14038,0
15270,0
14774,0
12438,0
14118,0
28842,0
8261,0
29107,0
26221,0
4749,0
5402,0
21409,0
2264,1
7733,0
8151,0
26861,0
20165,0
3055,0
6133,0
28184,0
10099,0
16705,0
3753,0
28220,0
22426,0
11511,0
21457,0
16114,0
29193,0
28497,0
16563,0
26446,0
14277,0
30062,0
5129,0
6908,0
11994,0
6403,0
1394,1
3893,0
9742,0
28682,0
14292,0
17013,0
19998,0
14895,0
17636,0
28518,0
15930,0
8621,0
28030,0
7597,0
3398,0
7878,0
9120,0
9274,0
28054,0
22020,0
14290,0
5990,0
27813,0
30121,0
16385,0
16976,0
18284,0
30240,0
20238,0
19938,0
8567,0
9693,0
8646,0
15068,0
11914,0
4064,0
17319,0
5780,0
11248,0
16437,0
18187,0
11633,0
10950,0
13018,0
30270,0
3591,0
14927,0
16347,0
4714,0
7125,0
29251,0
13234,0
26428,0
5972,0
20790,0
16056,0
8237,0
10368,0
17472,0
27767,0
29592,0
30384,0
15622,0
16650,0
17568,0
3499,0
8964,0
27425,0
5229,0
7349,0
26526,0
27377,0
27023,0
11327,0
16343,0
22511,0
14623,0
17053,0
3443,0
4158,0
18954,0
10868,0
21038,0
20763,0
15762,0
13326,0
17511,0
15382,0
3455,0
15348,0
8970,0
20015,0
17943,0
8590,0
5261,0
4654,0
23942,0
15969,0
22505,0
4076,0
18929,0
8892,0
15284,0
7418,0
13786,0
9537,0
17974,0
9794,0
10985,0
19220,0
9426,0
11262,0
13248,0
21625,0
11847,0
6506,0
26711,0
26298,0
27044,0
14419,0
26322,0
801,1
30104,0
11727,0
27709,0
20558,0
3886,0
15627,0
8146,0
20120,0
19390,0
6782,0
10625,0
16833,0
19873,0
10322,0
26546,0
10519,0
22049,0
7833,0
11661,0
12325,0
11199,0
19794,0
18909,0
19796,0
13093,0
26882,0
21207,0
18629,0
15864,0
4588,0
3498,0
7556,0
20049,0
5360,0
3403,0
14023,0
4205,0
16447,0
20184,0
4792,0
18957,0
13286,0
6448,0
15064,0
2618,1
6494,0
16656,0
15890,0
28437,0
28299,0
28513,0
701,1
9369,0
28611,0
22469,0
10383,0
2160,1
29836,0
3996,0
3505,0
27453,0
9862,0
20471,0
20700,0
10657,0
20306,0
19885,0
11373,0
11608,0
9635,0
9296,0
5051,0
22495,0
22316,0
29952,0
3946,0
4130,0
15733,0
14433,0
29070,0
11429,0
22795,0
6773,0
28975,0
7863,0
7640,0
19267,0
11219,0
3273,0
22287,0
5907,0
18377,0
110,1
3103,0
20846,0
20631,0
28653,0
20347,0
11276,0
10185,0
11243,0
10273,0
22643,0
11436,0
1298,1
14631,0
4328,0
21497,0
10223,0
7963,0
17588,0
28453,0
13791,0
5426,0
21053,0
4761,0
29673,0
14515,0
26229,0
12476,0
8676,0
10103,0
5600,0
27684,0
20391,0
2611,1
3915,0
7179,0
19951,0
6203,0
11848,0
15054,0
28857,0
18569,0
9331,0
18524,0
4347,0
11286,0
11136,0
22332,0
17756,0
28420,0
5447,0
17836,0
22637,0
18309,0
18870,0
11309,0
28671,0
10541,0
21201,0
19846,0
13137,0
7857,0
18771,0
7368,0
14877,0
29361,0
26129,0
9075,0
12890,0
5272,0
28948,0
19177,0
3330,0
14608,0
4944,0
29473,0
11350,0
16768,0
11453,0
17872,0
15164,0
6231,0
13255,0
3604,0
17530,0
21428,0
15171,0
12719,0
27417,0
18607,0
27412,0
18479,0
6446,0
7096,0
20732,0
13270,0
2840,1
11683,0
14432,0
5548,0
7741,0
17061,0
10178,0
9652,0
22465,0
15196,0
22527,0
12554,0
22800,0
12257,0
13037,0
18362,0
26443,0
16684,0
16618,0
8644,0
7614,0
22777,0
21990,0
18042,0
17461,0
7343,0
10889,0
20794,0
12238,0
12439,0
13867,0
9138,0
6574,0
5598,0
16157,0
27129,0
21379,0
19336,0
6541,0
30169,0
3408,0
3203,0
10639,0
12903,0
18538,0
28566,0
13604,0
11931,0
12891,0
30044,0
3396,0
29717,0
15127,0
13731,0
20644,0
8864,0
29271,0
29261,0
21218,0
29055,0
9267,0
13297,0
9087,0
6988,0
18779,0
5576,0
18418,0
8104,0
4633,0
29994,0
27280,0
4742,0
5122,0
29949,0
5094,0
15694,0
14077,0
6226,0
28797,0
6748,0
3407,0
18732,0
17331,0
19791,0
30269,0
27264,0
29077,0
4461,0
18601,0
2145,1
3820,0
15553,0
29344,0
20293,0
11530,0
8172,0
24880,0
12861,0
3233,0
17864,0
19926,0
26672,0
14451,0
14655,0
19347,0
6183,0
14697,0
4229,0
7174,0
28637,0
9893,0
4739,0
26257,0
17137,0
11186,0
29370,0
3510,0
5393,0
28739,0
29229,0
19574,0
17770,0
27175,0
19242,0
9237,0
5228,0
5177,0
18581,0
26235,0
3199,0
3602,0
11315,0
15505,0
5800,0
11166,0
16699,0
12039,0
20706,0
20841,0
21490,0
28871,0
6180,0
11936,0
8483,0
26439,0
21873,0
8962,0
28986,0
252,1
22206,0
16296,0
22152,0
14016,0
7005,0
15736,0
17141,0
12540,0
20643,0
3096,0
19942,0
22120,0
29320,0
5966,0
7852,0
21656,0
14627,0
28241,0
17944,0
30080,0
21423,0
6827,0
5297,0
14015,0
14997,0
28749,0
9383,0
17558,0
4099,0
9565,0
26116,0
7775,0
19285,0
26877,0
6624,0
27216,0
14482,0
5539,0
11601,0
6833,0
13514,0
13540,0
6929,0
20869,0
30203,0
17078,0
14650,0
13307,0
22124,0
13851,0
27270,0
8806,0
7400,0
18842,0
26186,0
26337,0
26497,0
17197,0
14452,0
9357,0
16984,0
22223,0
16953,0
16132,0
3545,0
13313,0
8307,0
19995,0
19564,0
16723,0
3139,0
22158,0
29562,0
3270,0
16792,0
9781,0
10972,0
10429,0
20311,0
3725,0
14521,0
9481,0
6806,0
11866,0
21175,0
740,1
22082,0
10345,0
27975,0
14052,0
13360,0
9802,0
7683,0
29400,0
15676,0
6547,0
17597,0
9827,0
3745,0
15806,0
13967,0
9941,0
28738,0
21598,0
30046,0
9950,0
8952,0
8627,0
14067,0
6305,0
7456,0
18760,0
15771,0
29188,0
27599,0
4584,0
11873,0
29874,0
13145,0
14944,0
5432,0
13740,0
15452,0
3878,0
19403,0
21571,0
14854,0
6404,0
17745,0
11879,0
4151,0
3588,0
6186,0
21967,0
8315,0
28748,0
26930,0
30254,0
11422,0
14719,0
16770,0
21621,0
16854,0
4470,0
3953,0
17440,0
17880,0
10476,0
4001,0
15784,0
7997,0
22830,0
7830,0
6712,0
18357,0
9629,0
5074,0
20895,0
13241,0
22529,0
7473,0
5577,0
14892,0
12346,0
19743,0
20262,0
9118,0
10007,0
6169,0
2672,1
9305,0
4324,0
12022,0
18068,0
17719,0
12044,0
15046,0
25328,0
22085,0
8657,0
19349,0
21539,0
6392,0
3482,0
15920,0
29014,0
16439,0
7210,0
18096,0
6878,0
29545,0
4791,0
13973,0
5195,0
17439,0
7793,0
11389,0
19493,0
6043,0
30021,0
14437,0
11860,0
18805,0
10241,0
29218,0
5294,0
9494,0
19870,0
11944,0
28932,0
10129,0
13927,0
26575,0
14755,0
12028,0
7934,0
9206,0
3206,0
11733,0
2290,1
29692,0
19839,0
3091,0
26804,0
20297,0
12842,0
28012,0
2189,1
12696,0
26709,0
4008,0
21652,0
20147,0
27422,0
18281,0
20088,0
11142,0
20541,0
7441,0
9250,0
14455,0
17735,0
3389,0
1468,1
12396,0
13498,0
8571,0
3736,0
12819,0
26773,0
21105,0
7915,0
11197,0
6962,0
22062,0
21365,0
18885,0
21109,0
16082,0
14084,0
2869,1
5993,0
19425,0
26845,0
11455,0
12549,0
14990,0
14863,0
16904,0
20562,0
12380,0
15916,0
16619,0
15040,0
11274,0
12669,0
29269,0
27825,0
21010,0
6947,0
6529,0
6896,0
8693,0
21466,0
12742,0
27943,0
8985,0
29078,0
15606,0
13437,0
27036,0
7118,0
7075,0
19965,0
2542,1
4924,0
9329,0
26714,0
15719,0
5385,0
16233,0
30074,0
22948,0
27367,0
5002,0
14184,0
12425,0
6152,0
1902,1
22786,0
28356,0
10577,0
6160,0
20430,0
16761,0
12200,0
19494,0
19206,0
6275,0
10302,0
16635,0
16219,0
8184,0
14085,0
29346,0
11258,0
3152,0
19101,0
13223,0
19724,0
27114,0
12586,0
6485,0
14539,0
28279,0
22784,0
17812,0
19322,0
9416,0
20948,0
4299,0
10645,0
26949,0
30341,0
12974,0
4100,0
8052,0
4281,0
27101,0
6810,0
18056,0
20907,0
8197,0
22743,0
8323,0
22064,0
18568,0
29917,0
26426,0
30094,0
1034,1
16538,0
3019,0
12714,0
3452,0
14215,0
9586,0
9986,0
1252,1
10509,0
22339,0
12188,0
5653,0
7071,0
29450,0
28865,0
17330,0
2839,1
30112,0
14174,0
22354,0
3137,0
18100,0
14704,0
7651,0
27748,0
15953,0
13803,0
8347,0
9278,0
6750,0
8932,0
16140,0
14235,0
3395,0
28813,0
22930,0
1855,1
21522,0
4166,0
17470,0
3552,0
29383,0
3595,0
6777,0
27191,0
28421,0
21023,0
15057,0
19050,0
22327,0
17619,0
8715,0
22385,0
11704,0
30255,0
27881,0
3814,0
30069,0
29960,0
12383,0
18614,0
19721,0
15237,0
11870,0
29017,0
328,1
1538,1
8068,0
18367,0
16001,0
16599,0
19548,0
3771,0
15119,0
22612,0
26635,0
10016,0
6233,0
27214,0
3099,0
22369,0
9392,0
9409,0
29041,0
11468,0
21382,0
16382,0
26504,0
17012,0
10735,0
19605,0
6597,0
10973,0
3085,0
3999,0
20228,0
15918,0
14487,0
14767,0
13906,0
7356,0
12521,0
11738,0
6461,0
16121,0
12148,0
7239,0
14858,0
12551,0
29869,0
13126,0
27421,0
8639,0
16982,0
10781,0
17863,0
6055,0
8812,0
28656,0
5347,0
15635,0
27096,0
18260,0
13721,0
19183,0
21791,0
7704,0
30241,0
17601,0
22895,0
13493,0
4325,0
6281,0
15431,0
29298,0
12089,0
9418,0
10694,0
12197,0
4589,0
14567,0
22187,0
30265,0
20474,0
26679,0
15782,0
9053,0
4352,0
26573,0
18098,0
26670,0
4202,0
5104,0
5690,0
21156,0
18195,0
12143,0
3920,0
29678,0
5671,0
29487,0
9655,0
8195,0
29391,0
7624,0
8061,0
5486,0
9049,0
14475,0
7786,0
28222,0
20355,0
13584,0
28697,0
26375,0
8512,0
27302,0
16743,0
17426,0
17913,0
14190,0
27699,0
12158,0
18339,0
13410,0
10118,0
26109,0
945,1
27632,0
19851,0
20393,0
26606,0
7333,0
11137,0
19543,0
28669,0
26874,0
14261,0
7419,0
8650,0
6228,0
13558,0
8092,0
28110,0
13848,0
1007,1
6831,0
7297,0
4135,0
8186,0
26820,0
13015,0
18088,0
9020,0
29710,0
12207,0
7188,0
15940,0
7291,0
7399,0
9656,0
7626,0
11647,0
22244,0
8469,0
4543,0
11644,0
28987,0
30390,0
8820,0
583,1
3917,0
13691,0
20138,0
11407,0
29892,0
18829,0
8283,0
10156,0
8597,0
12623,0
10131,0
27022,0
21062,0
27079,0
1463,1
26453,0
19000,0
16991,0
29757,0
12075,0
20321,0
9569,0
6910,0
22667,0
8149,0
10108,0
14809,0
11479,0
7615,0
14795,0
4289,0
5953,0
12983,0
8967,0
3214,0
29918,0
29214,0
16458,0
18510,0
16403,0
22589,0
14029,0
13423,0
29976,0
26992,0
3767,0
7078,0
26985,0
21802,0
4191,0
16485,0
12262,0
14302,0
17316,0
17443,0
9924,0
21895,0
9317,0
16963,0
5981,0
12423,0
19552,0
9906,0
10167,0
18768,0
28104,0
11096,0
21196,0
4440,0
30040,0
5451,0
18655,0
18506,0
17892,0
4835,0
15145,0
4355,0
20807,0
18454,0
18330,0
13614,0
11808,0
28507,0
8428,0
8837,0
11091,0
19582,0
26956,0
15529,0
28470,0
7156,0
18424,0
12174,0
13785,0
22188,0
19056,0
4962,0
4918,0
4236,0
21594,0
15376,0
22275,0
26731,0
16980,0
20008,0
10206,0
16312,0
28086,0
16252,0
1912,1
17737,0
10986,0
27896,0
20315,0
7171,0
11263,0
21202,0
20185,0
4717,0
15012,0
8890,0
12157,0
26642,0
12888,0
9046,0
2262,1
26362,0
15544,0
17114,0
21406,0
26253,0
16102,0
15664,0
3262,0
1699,1
16531,0
5745,0
21391,0
4354,0
28824,0
3691,0
10240,0
29392,0
22357,0
29526,0
10765,0
22719,0
15834,0
18879,0
18551,0
8175,0
27309,0
13496,0
10216,0
15217,0
14384,0
3804,0
6342,0
28339,0
12303,0
15230,0
16711,0
6198,0
30258,0
21157,0
12313,0
19410,0
18991,0
9917,0
3150,0
28998,0
28902,0
27498,0
928,1
18665,0
16224,0
8136,0
14657,0
14206,0
27708,0
11382,0
17271,0
2036,1
16146,0
20087,0
27282,0
18493,0
18007,0
23274,0
21037,0
16677,0
22882,0
16778,0
729,1
27099,0
13899,0
14270,0
9778,0
5365,0
8252,0
13828,0
18248,0
29954,0
28862,0
17766,0
13689,0
22377,0
10783,0
17959,0
11477,0
19148,0
26671,0
14908,0
16633,0
16911,0
18825,0
10148,0
13505,0
9554,0
23074,0
27468,0
21959,0
21188,0
9898,0
16910,0
29547,0
5102,0
21350,0
9123,0
17435,0
9272,0
9615,0
16654,0
18657,0
7822,0
29698,0
4854,0
5343,0
16919,0
26293,0
28568,0
6981,0
18794,0
29621,0
11516,0
12244,0
10879,0
7180,0
12217,0
18846,0
29445,0
16318,0
29145,0
21720,0
28391,0
18756,0
22308,0
18137,0
26751,0
28772,0
26402,0
10832,0
29963,0
28483,0
8416,0
985,1
30402,0
20999,0
17692,0
19168,0
6249,0
12452,0
22836,0
3930,0
12917,0
13771,0
18383,0
11239,0
5782,0
20777,0
10488,0
27639,0
6092,0
27424,0
21901,0
14723,0
8825,0
21412,0
14524,0
7710,0
9066,0
16798,0
28553,0
5211,0
20673,0
17010,0
29511,0
27311,0
18002,0
15741,0
26475,0
21469,0
18146,0
30340,0
13599,0
8245,0
7045,0
20660,0
6611,0
19004,0
29812,0
28488,0
26304,0
7305,0
4618,0
8160,0
21174,0
29682,0
27755,0
6420,0
8285,0
6016,0
28663,0
4276,0
21513,0
6003,0
21106,0
4754,0
22404,0
11960,0
29282,0
11290,0
29125,0
8051,0
7035,0
26391,0
17283,0
7718,0
8268,0
9290,0
63,1
18808,0
12823,0
17752,0
12938,0
22040,0
29701,0
9402,0
5435,0
19891,0
12326,0
10150,0
20020,0
13039,0
12975,0
17541,0
26645,0
22072,0
5569,0
5071,0
11208,0
16411,0
28622,0
26979,0
9918,0
22503,0
28632,0
21358,0
2336,1
3367,0
15581,0
9981,0
19358,0
15914,0
6626,0
16277,0
14771,0
14878,0
12556,0
354,1
26412,0
6178,0
13485,0
13588,0
5572,0
22673,0
12494,0
18213,0
6641,0
7512,0
19829,0
27234,0
9988,0
22600,0
3315,0
19892,0
19029,0
22828,0
11364,0
3979,0
11089,0
5399,0
7371,0
5331,0
13849,0
5182,0
17793,0
28496,0
30194,0
2415,1
10833,0
22207,0
20703,0
12094,0
15288,0
14372,0
10774,0
20283,0
11756,0
8912,0
3685,0
30379,0
13670,0
18298,0
2169,1
30008,0
27381,0
21742,0
15887,0
29223,0
14335,0
17039,0
29618,0
13085,0
3073,0
27651,0
30317,0
18450,0
18574,0
8368,0
8972,0
22024,0
14496,0
6046,0
5318,0
4983,0
6469,0
13569,0
4724,0
10736,0
19696,0
20001,0
19844,0
18572,0
10394,0
21558,0
22704,0
15700,0
27705,0
5889,0
2577,1
28724,0
18623,0
28379,0
17542,0
13823,0
19773,0
19776,0
10255,0
9136,0
15523,0
4665,0
25878,0
9603,0
10416,0
10989,0
8141,0
29914,0
9835,0
9469,0
10620,0
22267,0
20634,0
29721,0
16145,0
13444,0
22580,0
20665,0
18153,0
16876,0
634,1
12457,0
7967,0
27376,0
30073,0
29448,0
5971,0
3100,0
16870,0
8760,0
17702,0
8790,0
10133,0
10666,0
7434,0
7772,0
4528,0
13937,0
6179,0
27954,0
1233,1
19499,0
16691,0
8850,0
22695,0
5165,0
9213,0
6232,0
30097,0
27295,0
11413,0
19443,0
8187,0
21351,0
18440,0
16024,0
14724,0
5580,0
15944,0
19778,0
11083,0
29808,0
18533,0
4018,0
29496,0
29121,0
21507,0
29083,0
18912,0
8413,0
1290,1
26875,0
21649,0
5974,0
4129,0
4779,0
20338,0
11716,0
18701,0
22293,0
12848,0
28262,0
5658,0
9095,0
15550,0
15978,0
18576,0
22922,0
15225,0
5314,0
27063,0
9214,0
6623,0
28050,0
12344,0
21284,0
6060,0
8772,0
16404,0
6719,0
27347,0
11164,0
29500,0
4485,0
5067,0
26988,0
19657,0
9408,0
15620,0
13550,0
20890,0
11118,0
18499,0
26122,0
7310,0
27225,0
22632,0
29744,0
12941,0
2353,1
26172,0
26089,0
27199,0
1080,1
15133,0
13160,0
21135,0
14407,0
22445,0
18404,0
18470,0
5655,0
21022,0
12621,0
15203,0
5476,0
5506,0
21761,0
8976,0
6678,0
17028,0
18262,0
30205,0
14770,0
5284,0
18512,0
21047,0
29546,0
5282,0
19618,0
21614,0
18693,0
12192,0
2410,1
26525,0
17704,0
27300,0
5757,0
19999,0
8480,0
22601,0
29330,0
10011,0
14797,0
5186,0
8834,0
21190,0
11282,0
17333,0
18252,0
16186,0
8505,0
8575,0
30226,0
18151,0
27078,0
7617,0
8527,0
8968,0
18069,0
4790,0
26303,0
8198,0
7990,0
12662,0
51,1
21675,0
14031,0
5879,0
17543,0
17878,0
29920,0
17526,0
8178,0
21604,0
28408,0
18722,0
9605,0
3578,0
7113,0
27209,0
16359,0
7134,0
13830,0
21678,0
16023,0
14769,0
7304,0
13775,0
22430,0
3613,0
20080,0
22537,0
13178,0
18902,0
21385,0
6651,0
8176,0
22488,0
3786,0
5392,0
1062,1
27406,0
26258,0
21827,0
7432,0
12590,0
20037,0
11221,0
3031,0
1392,1
5422,0
8656,0
18712,0
3481,0
7717,0
7694,0
7691,0
5683,0
1553,1
16774,0
3557,0
29324,0
26963,0
20422,0
6696,0
22126,0
4280,0
13273,0
22799,0
5151,0
26216,0
17181,0
4244,0
21003,0
11536,0
9908,0
18307,0
27084,0
21864,0
9483,0
10981,0
1121,1
19049,0
18644,0
9860,0
9259,0
18236,0
23761,0
5637,0
13055,0
4638,0
6790,0
12957,0
27607,0
11619,0
13788,0
20112,0
10330,0
14457,0
9994,0
28965,0
9463,0
14546,0
24514,0
4508,0
5901,0
26072,0
7545,0
14638,0
3074,0
17813,0
11444,0
26837,0
15048,0
26809,0
10420,0
8453,0
16588,0
18755,0
14787,0
9128,0
19055,0
17945,0
14108,0
9613,0
27089,0
14994,0
14159,0
9506,0
23066,0
9616,0
5200,0
8526,0
21449,0
4087,0
13631,0
28128,0
21021,0
21667,0
12846,0
27537,0
2172,1
6095,0
6083,0
28270,0
19507,0
21330,0
30375,0
6265,0
13904,0
15604,0
21311,0
5922,0
5413,0
21239,0
27475,0
20279,0
3288,0
5460,0
17580,0
6774,0
15321,0
26786,0
6629,0
3105,0
3537,0
17505,0
9029,0
14314,0
3857,0
19500,0
3962,0
5468,0
28587,0
26669,0
8109,0
3776,0
13800,0
26180,0
26099,0
19575,0
3383,0
18656,0
5862,0
13583,0
17514,0
26373,0
28954,0
14078,0
27402,0
11919,0
28594,0
15341,0
22256,0
14300,0
9997,0
9903,0
3164,0
27157,0
28075,0
12886,0
10058,0
16703,0
28899,0
4933,0
18944,0
3571,0
3905,0
4610,0
11094,0
26246,0
29080,0
15227,0
3624,0
16291,0
16264,0
2154,1
29171,0
22387,0
30149,0
6710,0
29686,0
16297,0
6267,0
12863,0
7623,0
18129,0
7093,0
12489,0
21966,0
3630,0
10451,0
17361,0
27103,0
8956,0
17615,0
10200,0
11494,0
18953,0
17825,0
3218,0
15198,0
3900,0
13698,0
4318,0
1832,1
27893,0
29454,0
21853,0
7324,0
18391,0
27913,0
27126,0
7466,0
15144,0
9400,0
13284,0
11240,0
29100,0
17457,0
3314,0
16636,0
2197,1
6834,0
12318,0
17740,0
18836,0
19569,0
12136,0
22349,0
28803,0
7787,0
7409,0
16804,0
7679,0
29691,0
21807,0
574,1
16880,0
27211,0
21736,0
15677,0
28970,0
27201,0
3502,0
3484,0
22254,0
28393,0
28330,0
16739,0
13682,0
5997,0
11055,0
29905,0
15578,0
15076,0
4787,0
13961,0
26705,0
13406,0
11930,0
29173,0
21888,0
14178,0
7510,0
28381,0
26775,0
13189,0
2882,1
5830,0
19591,0
9708,0
20978,0
15723,0
9574,0
7376,0
17127,0
14952,0
12653,0
913,1
15956,0
1320,1
494,1
8815,0
10339,0
11168,0
13837,0
3586,0
17650,0
18675,0
22833,0
29020,0
8998,0
12967,0
3133,0
14784,0
10115,0
4861,0
14984,0
26931,0
14891,0
21121,0
16036,0
27190,0
8346,0
27027,0
14374,0
10913,0
15995,0
15139,0
10080,0
15181,0
14462,0
12510,0
29337,0
29923,0
28858,0
10343,0
16072,0
8969,0
12950,0
8426,0
7864,0
10503,0
17760,0
3379,0
20797,0
4310,0
7163,0
8684,0
28917,0
16924,0
22827,0
4060,0
12513,0
28616,0
13746,0
16847,0
3072,0
20216,0
9522,0
3131,0
12436,0
29550,0
17742,0
13520,0
19624,0
14601,0
18880,0
13183,0
27305,0
8936,0
16016,0
29623,0
13863,0
15213,0
27811,0
18840,0
26341,0
11460,0
7754,0
18303,0
10791,0
14793,0
22617,0
8757,0
9089,0
12785,0
11677,0
6895,0
26836,0
5726,0
12816,0
16643,0
7323,0
918,1
4798,0
22541,0
15035,0
5203,0
4367,0
21856,0
5761,0
28398,0
16612,0
11986,0
1948,1
8840,0
29069,0
29221,0
9370,0
30170,0
26423,0
10531,0
8421,0
4368,0
12198,0
12411,0
7644,0
18342,0
14212,0
22508,0
4150,0
6027,0
11681,0
11581,0
10491,0
16026,0
6245,0
12701,0
8928,0
7497,0
27739,0
20093,0
16025,0
13898,0
14223,0
12385,0
9147,0
7520,0
21524,0
10068,0
12477,0
20021,0
8585,0
20511,0
7436,0
9544,0
19477,0
13173,0
15281,0
29839,0
22582,0
12269,0
11297,0
18123,0
18982,0
19604,0
15042,0
21957,0
19996,0
14778,0
6472,0
18643,0
22585,0
18520,0
19048,0
28828,0
15943,0
12813,0
3693,0
20414,0
22456,0
20383,0
9760,0
7064,0
19075,0
17112,0
6294,0
28833,0
2230,1
15039,0
10883,0
21628,0
17377,0
17910,0
4513,0
9244,0
28556,0
10040,0
22710,0
10511,0
1495,1
4680,0
5911,0
17108,0
27275,0
9501,0
6909,0
15290,0
13358,0
8291,0
7960,0
19252,0
18622,0
28787,0
19027,0
13134,0
20880,0
15033,0
20641,0
27132,0
15711,0
17313,0
21815,0
14964,0
11225,0
8118,0
17370,0
17045,0
22515,0
19216,0
28941,0
16451,0
4468,0
29582,0
14585,0
7041,0
7923,0
6713,0
9528,0
8355,0
10049,0
17081,0
17265,0
11723,0
7049,0
3698,0
10257,0
15445,0
22574,0
154,1
28668,0
26083,0
4200,0
18817,0
11077,0
26934,0
19279,0
16435,0
27093,0
3106,0
19653,0
5949,0
18321,0
21272,0
19704,0
9756,0
17591,0
9145,0
22766,0
21822,0
19229,0
13821,0
17508,0
14516,0
15767,0
26948,0
26192,0
24003,0
6882,0
26654,0
13923,0
13561,0
6440,0
1741,1
30381,0
30141,0
17254,0
15079,0
22899,0
12881,0
12271,0
29147,0
26891,0
17670,0
13696,0
14785,0
13211,0
3754,0
6161,0
21394,0
16412,0
14864,0
26444,0
13047,0
4475,0
29865,0
7952,0
19693,0
6881,0
4632,0
27001,0
21482,0
28188,0
14968,0
16756,0
17431,0
19707,0
23236,0
4986,0
5353,0
12538,0
29972,0
17859,0
19078,0
8895,0
17375,0
25292,0
2687,1
22798,0
22087,0
30010,0
8929,0
26620,0
14942,0
18197,0
19854,0
11247,0
4693,0
10046,0
8725,0
18005,0
11057,0
30018,0
14327,0
17348,0
9651,0
28228,0
8036,0
21804,0
17087,0
21627,0
21931,0
22658,0
6575,0
20602,0
21776,0
10578,0
15835,0
5055,0
7768,0
6126,0
7957,0
661,1
9734,0
27653,0
7539,0
7056,0
28371,0
20840,0
28167,0
6390,0
2534,1
13956,0
15599,0
29542,0
3331,0
12443,0
4340,0
13487,0
21707,0
18669,0
3333,0
3649,0
9092,0
9627,0
19076,0
9983,0
10977,0
7000,0
28160,0
12462,0
5054,0
13054,0
10044,0
5037,0
8742,0
27519,0
30221,0
22368,0
18091,0
26609,0
18777,0
12011,0
26349,0
5080,0
28894,0
18859,0
21769,0
18161,0
20924,0
27539,0
19546,0
8559,0
29397,0
21160,0
9828,0
30279,0
16047,0
6081,0
7784,0
22076,0
13161,0
11927,0
20690,0
6799,0
17263,0
22026,0
15754,0
21750,0
17412,0
13489,0
13381,0
16260,0
7900,0
9197,0
20672,0
4331,0
12908,0
21635,0
19140,0
23315,0
12626,0
28625,0
18009,0
3329,0
5921,0
30031,0
13449,0
12035,0
7274,0
28040,0
1061,1
16897,0
29239,0
14568,0
28246,0
9568,0
26348,0
10925,0
22289,0
11075,0
13441,0
23503,0
9254,0
17343,0
20325,0
12410,0
11366,0
21727,0
19386,0
28665,0
17967,0
19484,0
22356,0
5411,0
17869,0
17230,0
20032,0
19037,0
16572,0
17302,0
29396,0
8971,0
6062,0
15704,0
4569,0
20486,0
13767,0
10501,0
30209,0
11547,0
9976,0
27308,0
19174,0
15368,0
4110,0
12619,0
28801,0
16148,0
4720,0
5336,0
16623,0
18653,0
29532,0
19972,0
8777,0
19317,0
5883,0
22104,0
18593,0
19185,0
17887,0
30228,0
27261,0
29068,0
3038,0
28822,0
12162,0
6371,0
4360,0
26300,0
68,1
21701,0
19431,0
10295,0
16364,0
30188,0
22194,0
4850,0
28244,0
27772,0
22270,0
18150,0
4867,0
3991,0
20610,0
21343,0
10536,0
12123,0
28018,0
19598,0
6460,0
11739,0
15060,0
17642,0
19577,0
28903,0
14047,0
13483,0
177,1
11430,0
19486,0
14403,0
4687,0
4667,0
3197,0
27450,0
16939,0
5819,0
19041,0
4499,0
11329,0
27964,0
28804,0
28742,0
18036,0
14013,0
16562,0
21615,0
27246,0
7511,0
12736,0
12764,0
12479,0
14122,0
9240,0
13960,0
29134,0
4421,0
26195,0
11195,0
13748,0
15573,0
20035,0
14065,0
18649,0
16336,0
18709,0
12645,0
17455,0
9000,0
16199,0
21417,0
18904,0
12122,0
11085,0
10918,0
17388,0
15215,0
8414,0
26813,0
14405,0
4027,0
29406,0
9047,0
14111,0
20809,0
27551,0
21874,0
14444,0
1082,1
12048,0
12416,0
15824,0
16099,0
17004,0
29579,0
15958,0
4136,0
7777,0
21794,0
21893,0
29860,0
7043,0
7161,0
30318,0
5689,0
27641,0
137,1
7153,0
15296,0
19176,0
14921,0
5740,0
16800,0
15323,0
19836,0
2250,1
3559,0
29243,0
5534,0
26621,0
9286,0
27127,0
1142,1
30250,0
9179,0
16130,0
10376,0
14346,0
6548,0
4992,0
8361,0
12173,0
3204,0
4627,0
8794,0
20427,0
29404,0
4431,0
28792,0
13040,0
30165,0
13104,0
17916,0
26394,0
8499,0
14318,0
19893,0
27673,0
30358,0
27658,0
29768,0
26959,0
8703,0
6631,0
27672,0
18950,0
27429,0
26415,0
18582,0
18591,0
12796,0
20899,0
4544,0
17560,0
15763,0
9479,0
19026,0
9508,0
5624,0
13824,0
11631,0
20371,0
21360,0
11939,0
5039,0
18238,0
6210,0
30041,0
12100,0
10802,0
4941,0
21825,0
21562,0
7648,0
6475,0
37,1
25106,0
15362,0
16306,0
14383,0
4805,0
14343,0
30246,0
6521,0
8733,0
18228,0
6391,0
26653,0
10227,0
13538,0
7430,0
4103,0
2497,1
12283,0
7796,0
17800,0
18434,0
11180,0
4132,0
12728,0
8611,0
27592,0
27621,0
29558,0
17363,0
22346,0
11235,0
5969,0
11726,0
14351,0
27131,0
19792,0
138,1
3781,0
26753,0
18160,0
9196,0
22242,0
5462,0
21120,0
6277,0
18609,0
3004,1
749,1
8200,0
13563,0
3731,0
30059,0
26941,0
18164,0
14229,0
20124,0
1367,1
27991,0
9031,0
10127,0
27778,0
10560,0
13554,0
7011,0
8719,0
8908,0
16679,0
22403,0
6873,0
9808,0
27633,0
21669,0
20223,0
21335,0
13602,0
21180,0
26848,0
14245,0
30306,0
21074,0
13751,0
17088,0
27049,0
16856,0
22713,0
8366,0
13332,0
7231,0
5503,0
10909,0
9280,0
22638,0
22871,0
13607,0
21334,0
11764,0
4039,0
27428,0
18140,0
8331,0
15055,0
11878,0
5245,0
3217,0
16339,0
8827,0
29010,0
3190,0
17612,0
30136,0
17270,0
26590,0
8351,0
27511,0
9497,0
10550,0
13736,0
22751,0
14297,0
6300,0
12340,0
20667,0
15317,0
3101,0
7921,0
20013,0
16791,0
10901,0
2783,1
30093,0
7650,0
4364,0
20946,0
21810,0
3236,0
27329,0
29377,0
22628,0
20241,0
11287,0
28576,0
27640,0
3998,0
9904,0
22819,0
8616,0
29854,0
25999,0
13891,0
15551,0
6243,0
15212,0
6326,0
13120,0
15081,0
3062,0
21245,0
5139,0
8603,0
12119,0
14773,0
6764,0
19345,0
15330,0
11488,0
17739,0
7800,0
6190,0
27065,0
6115,0
20077,0
8747,0
28033,0
9216,0
5573,0
11451,0
6135,0
28980,0
14715,0
7119,0
9405,0
9189,0
28878,0
14218,0
22371,0
15224,0
3049,0
28601,0
12817,0
10090,0
19445,0
11514,0
19749,0
5285,0
6238,0
20838,0
7218,0
6080,0
17781,0
17587,0
2461,1
17317,0
16307,0
10750,0
9942,0
7972,0
11806,0
3034,0
13878,0
1093,1
21680,0
9495,0
6452,0
5148,0
19954,0
22228,0
18646,0
18558,0
5650,0
7377,0
5273,0
21995,0
6105,0
15309,0
29809,0
18663,0
29102,0
19519,0
22117,0
26798,0
4656,0
21890,0
10568,0
27832,0
4482,0
11652,0
21155,0
21710,0
5059,0
3683,0
7945,0
10272,0
7593,0
29442,0
20527,0
6370,0
14009,0
13105,0
21681,0
7968,0
9227,0
27048,0
12310,0
14152,0
8600,0
15673,0
9913,0
29338,0
14438,0
28548,0
15567,0
6505,0
6158,0
5939,0
16802,0
9094,0
19125,0
7675,0
8119,0
21645,0
18559,0
22255,0
28698,0
17778,0
27538,0
26149,0
15187,0
12622,0
29802,0
18040,0
16471,0
28995,0
9117,0
214,1
19765,0
22849,0
22534,0
17699,0
27188,0
20871,0
12120,0
13413,0
19901,0
17183,0
29530,0
19067,0
10147,0
10211,0
26536,0
7994,0
11717,0
9245,0
13216,0
17350,0
28215,0
18578,0
226,1
14205,0
18467,0
11678,0
18852,0
29528,0
26094,0
8821,0
13372,0
17142,0
5,1
19280,0
4593,0
12130,0
17120,0
14751,0
19271,0
4855,0
1013,1
14348,0
13974,0
4041,0
28994,0
11237,0
26665,0
29027,0
19808,0
11699,0
14953,0
16553,0
26764,0
22550,0
7080,0
26301,0
6898,0
14186,0
26535,0
10372,0
9905,0
15153,0
13188,0
10806,0
3011,0
12553,0
15737,0
18599,0
8304,0
18672,0
4078,0
17531,0
20522,0
17743,0
11151,0
3789,0
19540,0
9260,0
22459,0
11129,0
18682,0
21786,0
19802,0
10163,0
19681,0
27143,0
29416,0
9672,0
17986,0
4841,0
26991,0
18401,0
16294,0
12029,0
15697,0
7462,0
4545,0
19444,0
20775,0
2075,1
14702,0
30244,0
700,1
9474,0
19838,0
24295,0
29393,0
26608,0
8787,0
29695,0
3695,0
14899,0
18476,0
9516,0
19298,0
7982,0
1382,1
26287,0
27489,0
16928,0
21739,0
19872,0
3098,0
26701,0
13985,0
10619,0
28708,0
6501,0
18131,0
17837,0
29157,0
18425,0
18215,0
16666,0
27924,0
16916,0
3235,0
13999,0
17877,0
12830,0
18917,0
20852,0
8494,0
7506,0
4916,0
10290,0
16017,0
8242,0
18084,0
11277,0
13389,0
4297,0
26591,0
28164,0
15020,0
16002,0
16527,0
28432,0
29930,0
10903,0
19051,0
29708,0
7782,0
2562,1
26042,0
12037,0
16380,0
28207,0
3836,0
19849,0
27829,0
17043,0
18896,0
11203,0
20839,0
29408,0
14630,0
9698,0
26506,0
10052,0
12969,0
4522,0
9610,0
21411,0
14611,0
8437,0
22860,0
3992,0
5224,0
27733,0
22558,0
11840,0
562,1
30014,0
5940,0
10249,0
8623,0
26697,0
22927,0
16736,0
16221,0
21833,0
11641,0
7723,0
21639,0
4072,0
9974,0
14523,0
28229,0
1235,1
10239,0
4490,0
3808,0
27793,0
6912,0
14506,0
29903,0
28924,0
26250,0
19824,0
29233,0
7223,0
11668,0
15594,0
11706,0
9872,0
12280,0
26938,0
8105,0
9861,0
10698,0
9373,0
20384,0
6735,0
16149,0
14639,0
15481,0
29493,0
19086,0
12894,0
18735,0
13097,0
29845,0
15069,0
17367,0
27176,0
7931,0
13230,0
13513,0
15779,0
12086,0
19602,0
6089,0
25072,0
19981,0
5288,0
14156,0
21885,0
16100,0
15740,0
18738,0
14503,0
12595,0
10852,0
16048,0
28681,0
22154,0
4171,0
29012,0
15410,0
13852,0
11825,0
26261,0
2191,1
13781,0
28166,0
28939,0
7481,0
17085,0
20357,0
5693,0
29143,0
19975,0
5912,0
17972,0
4242,0
18165,0
10457,0
5603,0
12364,0
4188,0
16957,0
17693,0
28946,0
11948,0
27460,0
17409,0
19442,0
8450,0
15602,0
10318,0
212,1
28733,0
10677,0
13215,0
13219,0
22230,0
21436,0
1432,1
18834,0
15521,0
10827,0
7363,0
26068,0
16517,0
6949,0
16156,0
7618,0
13678,0
22845,0
469,1
13251,0
11386,0
14308,0
11938,0
12536,0
6871,0
12658,0
11610,0
19034,0
324,1
4117,0
18003,0
12988,0
17000,0
29597,0
18163,0
13452,0
4558,0
14418,0
11107,0
10749,0
5305,0
19495,0
6549,0
1570,1
12215,0
15619,0
13285,0
8077,0
17961,0
28979,0
21427,0
28142,0
26490,0
28396,0
18483,0
20301,0
7588,0
8783,0
8965,0
16477,0
6380,0
18690,0
15142,0
18700,0
27339,0
28443,0
21911,0
3086,0
16659,0
14833,0
18548,0
11773,0
7802,0
13730,0
19534,0
17280,0
14783,0
11698,0
29415,0
22792,0
22196,0
6874,0
10686,0
4989,0
27245,0
26260,0
22623,0
26137,0
13591,0
21891,0
6478,0
7999,0
8481,0
14664,0
28967,0
11418,0
16254,0
10286,0
29873,0
17564,0
5962,0
15681,0
5688,0
27752,0
10606,0
15750,0
29309,0
6408,0
15228,0
22824,0
3908,0
27682,0
14447,0
20081,0
10153,0
19102,0
17517,0
4815,0
1637,1
6490,0
10114,0
13029,0
15085,0
18494,0
27277,0
5274,0
10450,0
11896,0
20800,0
6464,0
10782,0
10379,0
6208,0
19156,0
19713,0
8273,0
20815,0
20195,0
22733,0
13695,0
6886,0
28658,0
28557,0
10425,0
19731,0
7238,0
29059,0
26077,0
6407,0
15114,0
6666,0
6356,0
2749,1
22840,0
16105,0
5243,0
20751,0
3706,0
6239,0
19656,0
26787,0
19541,0
29941,0
6093,0
13052,0
15912,0
18301,0
28422,0
14309,0
19289,0
27851,0
27762,0
4827,0
19936,0
22762,0
8545,0
5352,0
15706,0
4051,0
14284,0
17832,0
26921,0
10048,0
4931,0
2226,1
10132,0
12922,0
8957,0
14906,0
22885,0
4597,0
8112,0
8735,0
10593,0
9153,0
8226,0
6253,0
9964,0
11832,0
20003,0
14380,0
4290,0
7889,0
15126,0
9155,0
8901,0
7713,0
2289,1
26789,0
15394,0
15250,0
12697,0
17798,0
6192,0
22619,0
30325,0
21216,0
18833,0
9224,0
28610,0
28988,0
19063,0
10642,0
11472,0
25450,0
30356,0
3686,0
17814,0
6284,0
29875,0
19722,0
19642,0
10071,0
13885,0
15961,0
5425,0
14654,0
16788,0
26733,0
22874,0
9969,0
28672,0
27219,0
17273,0
8071,0
30088,0
22699,0
170,1
17741,0
3362,0
15789,0
14443,0
26503,0
19521,0
29785,0
4866,0
8893,0
3859,0
18426,0
9933,0
9701,0
26491,0
28252,0
12460,0
26952,0
16528,0
29642,0
18230,0
6262,0
11080,0
15799,0
19061,0
13264,0
13688,0
30037,0
3435,0
2999,1
16981,0
26151,0
16399,0
20099,0
19881,0
18943,0
15045,0
9487,0
16731,0
8145,0
10975,0
12910,0
19590,0
27848,0
3898,0
26692,0
26159,0
27847,0
8402,0
9509,0
27390,0
27153,0
9078,0
15933,0
17199,0
9927,0
20428,0
12709,0
11946,0
7569,0
9050,0
28626,0
21572,0
14614,0
18027,0
11829,0
17957,0
19283,0
9829,0
17614,0
29407,0
10731,0
5612,0
6525,0
14388,0
4304,0
3729,0
29828,0
17452,0
28268,0
26972,0
19219,0
5909,0
29011,0
30352,0
26496,0
30113,0
27669,0
4501,0
1150,1
21027,0
13808,0
14941,0
13177,0
13317,0
11187,0
4509,0
30179,0
7655,0
3132,0
13642,0
6930,0
4322,0
5355,0
26027,0
27936,0
14629,0
28295,0
19568,0
7289,0
17253,0
29127,0
18048,0
19635,0
21066,0
20583,0
9168,0
22853,0
28405,0
21949,0
19710,0
26197,0
22272,0
29627,0
9230,0
8017,0
5098,0
5987,0
27243,0
22736,0
12608,0
7854,0
22394,0
20345,0
28936,0
3636,0
20102,0
21845,0
7849,0
20466,0
14012,0
5240,0
7301,0
16420,0
11143,0
11906,0
8594,0
17566,0
9989,0
2873,1
9262,0
13287,0
11600,0
8019,0
16180,0
16251,0
7763,0
17584,0
6473,0
18645,0
3563,0
15166,0
7342,0
20219,0
10512,0
7203,0
13463,0
20053,0
12615,0
7976,0
14561,0
28121,0
22116,0
5601,0
5973,0
1353,1
27159,0
30380,0
26312,0
7546,0
1700,1
26110,0
4675,0
9207,0
4702,0
15393,0
9221,0
29912,0
21684,0
11744,0
18751,0
12543,0
13401,0
9543,0
7699,0
6050,0
22801,0
27766,0
3141,0
6036,0
12234,0
28099,0
4259,0
20740,0
704,1
3993,0
3892,0
29135,0
15579,0
27349,0
13214,0
16840,0
21092,0
14850,0
8722,0
13818,0
29789,0
22336,0
11271,0
28404,0
5854,0
10188,0
25418,0
18017,0
11827,0
9139,0
11632,0
25337,0
1049,1
8525,0
5249,0
7212,0
7151,0
13087,0
29607,0
21536,0
20575,0
3795,0
6217,0
3020,0
26339,0
20851,0
20305,0
9437,0
3224,0
26890,0
7443,0
8334,0
5220,0
11202,0
9658,0
7821,0
26819,0
22683,0
7632,0
17164,0
21483,0
21486,0
30416,0
12946,0
12832,0
18743,0
22329,0
4577,0
18931,0
16182,0
27301,0
20520,0
27711,0
29822,0
19861,0
14706,0
3386,0
29212,0
4902,0
12370,0
3075,0
3304,0
18302,0
16704,0
4126,0
3177,0
15705,0
19396,0
21015,0
8707,0
20493,0
11965,0
14985,0
28627,0
12733,0
17503,0
8955,0
16669,0
20901,0
9577,0
5779,0
20252,0
19020,0
16936,0
27000,0
12101,0
19214,0
19011,0
3472,0
10313,0
8159,0
20856,0
27836,0
18828,0
14022,0
8509,0
6572,0
8098,0
8393,0
15807,0
29365,0
9638,0
6512,0
18136,0
17572,0
9945,0
6191,0
27231,0
28569,0
26547,0
26058,0
19373,0
15265,0
26973,0
28526,0
8169,0
22065,0
29231,0
3491,0
13657,0
29747,0
21401,0
7030,0
6157,0
20484,0
5030,0
11052,0
9746,0
18328,0
14700,0
18006,0
8576,0
11128,0
28957,0
20710,0
12408,0
5312,0
5965,0
29718,0
13921,0
22021,0
20190,0
29513,0
8054,0
27506,0
21510,0
21443,0
3532,0
26043,0
28021,0
27455,0
15248,0
26105,0
19409,0
16098,0
5660,0
26353,0
4375,0
28541,0
17418,0
1440,1
3520,0
4023,0
19095,0
6246,0
20445,0
22169,0
29018,0
18549,0
14103,0
4090,0
13762,0
12025,0
5960,0
3721,0
13031,0
28318,0
8170,0
12951,0
27987,0
12185,0
26268,0
29441,0
17723,0
13701,0
12451,0
11209,0
17390,0
7408,0
6031,0
11625,0
10230,0
3328,0
5694,0
10864,0
14378,0
20437,0
28593,0
17444,0
9545,0
29732,0
13111,0
18638,0
26155,0
27547,0
15726,0
27860,0
21511,0
7767,0
4795,0
17050,0
15495,0
17685,0
3437,0
3606,0
10874,0
26193,0
26291,0
7386,0
28544,0
20402,0
8140,0
19946,0
26252,0
5525,0
15333,0
14417,0
29180,0
18491,0
4922,0
22492,0
14670,0
10452,0
18861,0
27002,0
13129,0
4800,0
27236,0
10022,0
22460,0
942,1
27218,0
18403,0
9660,0
15668,0
18170,0
10066,0
20377,0
13912,0
22174,0
20726,0
20865,0
8948,0
11032,0
29620,0
9803,0
21290,0
27996,0
5427,0
5707,0
14404,0
4585,0
1065,1
20749,0
13344,0
19610,0
9204,0
12954,0
13925,0
3047,0
10138,0
19931,0
15028,0
24445,0
10215,0
9082,0
18684,0
16997,0
16837,0
22203,0
16246,0
19536,0
15343,0
16824,0
22569,0
26595,0
6418,0
12770,0
20397,0
18395,0
13478,0
21697,0
959,1
13323,0
13679,0
22616,0
3629,0
28800,0
14731,0
19819,0
19074,0
10922,0
8588,0
19304,0
19555,0
15560,0
28079,0
8475,0
12940,0
3973,0
16680,0
30280,0
18159,0
7965,0
9345,0
22818,0
17477,0
16944,0
11853,0
1785,1
15322,0
14279,0
3650,0
17027,0
20569,0
11495,0
12154,0
14929,0
21879,0
4736,0
29632,0
20737,0
26045,0
29863,0
29645,0
16213,0
20203,0
6889,0
11627,0
11446,0
29957,0
29634,0
29861,0
10710,0
3600,0
3890,0
6137,0
19945,0
11001,0
12726,0
29168,0
18710,0
16763,0
6605,0
17256,0
14718,0
7050,0
30259,0
4472,0
9017,0
14187,0
14440,0
17786,0
12856,0
10299,0
14508,0
29643,0
17764,0
26598,0
8776,0
27642,0
4457,0
14934,0
13226,0
17486,0
5120,0
21056,0
22136,0
22464,0
10556,0
7573,0
16280,0
4201,0
20622,0
15833,0
14240,0
28574,0
19900,0
13259,0
30045,0
14880,0
11952,0
16068,0
22572,0
20711,0
15636,0
638,1
8430,0
28127,0
26734,0
18462,0
4612,0
18093,0
16317,0
2340,1
4889,0
27467,0
19141,0
11076,0
4859,0
29351,0
3569,0
14671,0
17871,0
19145,0
9385,0
19438,0
4871,0
12432,0
22235,0
5048,0
21274,0
4070,0
27978,0
12320,0
6870,0
28844,0
10365,0
14661,0
5231,0
22664,0
28696,0
15464,0
10084,0
17030,0
5979,0
8129,0
21111,0
2842,1
27064,0
6863,0
6396,0
7170,0
18631,0
18154,0
4837,0
27032,0
28530,0
6425,0
16143,0
16748,0
20544,0
10688,0
9588,0
29889,0
11007,0
6329,0
5659,0
7584,0
22330,0
15472,0
12610,0
27661,0
26971,0
20708,0
13362,0
8317,0
30257,0
15971,0
14666,0
14557,0
10690,0
14696,0
26834,0
5754,0
3080,0
22506,0
12112,0
16571,0
12342,0
8798,0
22331,0
30142,0
19276,0
14436,0
1865,1
4228,0
5465,0
6762,0
6293,0
13204,0
28257,0
28338,0
19255,0
13476,0
27973,0
11352,0
3764,0
4682,0
5712,0
17017,0
5109,0
10638,0
15516,0
5256,0
3968,0
16183,0
7215,0
3180,0
19096,0
29993,0
26758,0
29199,0
9580,0
17261,0
10360,0
16093,0
11900,0
28615,0
5717,0
26028,0
18770,0
26240,0
10308,0
8686,0
22006,0
13958,0
15191,0
29402,0
7002,0
13838,0
29883,0
21398,0
10728,0
3805,0
8700,0
10778,0
797,1
16611,0
5077,0
13646,0
7135,0
5947,0
10920,0
11008,0
22109,0
12121,0
5751,0
26354,0
14598,0
9534,0
7958,0
6919,0
3492,0
3787,0
26683,0
24744,0
10672,0
11231,0
16207,0
18196,0
15742,0
11584,0
28225,0
14835,0
14249,0
11527,0
14171,0
20507,0
13100,0
13825,0
29095,0
8886,0
14010,0
19257,0
20019,0
11172,0
4573,0
17519,0
7590,0
423,1
12751,0
19223,0
1814,1
3894,0
20543,0
21374,0
13405,0
6054,0
21040,0
10521,0
27774,0
27113,0
29203,0
22918,0
29986,0
18453,0
7565,0
12169,0
13164,0
13610,0
5673,0
10681,0
12500,0
15989,0
20115,0
28714,0
17815,0
28533,0
26133,0
19700,0
26907,0
6821,0
7841,0
9467,0
6695,0
10515,0
16544,0
5082,0
3580,0
5340,0
10887,0
22184,0
7283,0
13454,0
13812,0
18590,0
26628,0
21900,0
14392,0
12756,0
10555,0
27604,0
17474,0
4332,0
25113,0
21765,0
12347,0
9806,0
16610,0
27731,0
29804,0
5873,0
7654,0
5033,0
30155,0
19636,0
22686,0
5244,0
15760,0
12547,0
16429,0
4338,0
21035,0
14643,0
16395,0
4507,0
6151,0
9617,0
27594,0
22052,0
27257,0
10976,0
26367,0
20497,0
8434,0
12248,0
26050,0
28087,0
13017,0
27591,0
20221,0
12955,0
22685,0
14282,0
8461,0
20410,0
15331,0
28088,0
12926,0
22292,0
5916,0
13500,0
9502,0
26445,0
27449,0
6199,0
12264,0
22304,0
28999,0
8872,0
28000,0
19357,0
13335,0
22347,0
13374,0
10826,0
29944,0
7991,0
27355,0
27336,0
5520,0
21744,0
22820,0
15080,0
5471,0
4848,0
28409,0
13934,0
24008,0
16889,0
13706,0
7375,0
4899,0
10426,0
151,1
28015,0
22222,0
14765,0
22386,0
19379,0
19898,0
4182,0
29316,0
9132,0
10764,0
20034,0
3758,0
15111,0
22747,0
12427,0
3119,0
14141,0
17416,0
10596,0
5595,0
20439,0
21251,0
8533,0
4548,0
5543,0
9339,0
18306,0
3988,0
9378,0
27155,0
16652,0
17966,0
19649,0
16478,0
21875,0
8476,0
16177,0
30307,0
11458,0
15459,0
7309,0
19782,0
26785,0
16567,0
27692,0
10333,0
17073,0
16883,0
20707,0
9399,0
11893,0
14868,0
21665,0
16817,0
14306,0
28814,0
14925,0
7194,0
10460,0
16506,0
14155,0
9271,0
9550,0
8563,0
13685,0
13686,0
4125,0
320,1
20765,0
29117,0
19767,0
21149,0
5029,0
20059,0
19201,0
29004,0
5773,0
5813,0
1820,1
1867,1
21708,0
9881,0
28860,0
6628,0
26142,0
28479,0
20394,0
1592,1
14139,0
21828,0
26128,0
2810,1
8373,0
22663,0
3069,0
7729,0
5357,0
29204,0
30208,0
17524,0
22195,0
22079,0
18222,0
15607,0
4870,0
10081,0
21494,0
19935,0
4968,0
10059,0
21699,0
11974,0
12992,0
18948,0
27801,0
16432,0
26717,0
21020,0
17410,0
15308,0
27694,0
7550,0
18436,0
1165,1
4985,0
30015,0
14220,0
6019,0
10771,0
9235,0
18399,0
15239,0
19852,0
13253,0
22832,0
16649,0
15716,0
2500,1
10064,0
19502,0
14275,0
2343,1
4478,0
6366,0
29469,0
18610,0
9220,0
6897,0
19320,0
22889,0
16342,0
11731,0
12191,0
7715,0
28839,0
19471,0
14903,0
3700,0
6242,0
28334,0
21234,0
4084,0
10601,0
10730,0
16942,0
17325,0
5696,0
3110,0
21705,0
3211,0
27461,0
6819,0
10617,0
5065,0
29405,0
17275,0
18402,0
27857,0
26467,0
21265,0
26860,0
29200,0
15273,0
12483,0
27972,0
15753,0
11459,0
15792,0
19804,0
16645,0
2733,1
19834,0
16472,0
8152,0
17420,0
5344,0
28888,0
28400,0
3943,0
21559,0
6563,0
6872,0
28712,0
9056,0
20341,0
29987,0
29641,0
14807,0
18949,0
6264,0
13667,0
6261,0
11989,0
13842,0
11041,0
27587,0
11483,0
28132,0
26413,0
19777,0
11664,0
21446,0
13032,0
8070,0
29034,0
13962,0
26309,0
11269,0
3494,0
17216,0
15026,0
18442,0
10579,0
3959,0
18371,0
13880,0
17946,0
26222,0
21084,0
4655,0
10611,0
6954,0
5138,0
16780,0
28896,0
22215,0
13977,0
7420,0
22805,0
11981,0
29806,0
22350,0
3672,0
20366,0
22606,0
9557,0
21984,0
5315,0
15794,0
15809,0
10069,0
17220,0
4664,0
27976,0
12444,0
10805,0
9131,0
12047,0
6711,0
13180,0
10667,0
28402,0
20721,0
3406,0
27983,0
11313,0
8860,0
16841,0
4429,0
6530,0
7444,0
1452,1
17803,0
24253,0
17362,0
17398,0
18293,0
4141,0
5881,0
16127,0
3167,0
28563,0
9226,0
8966,0
22769,0
4611,0
9027,0
10727,0
7986,0
27579,0
22031,0
7195,0
28495,0
13492,0
8937,0
29364,0
12694,0
20153,0
9022,0
3868,0
10524,0
20443,0
5702,0
26146,0
18014,0
16613,0
21775,0
29801,0
7104,0
9843,0
29132,0
12854,0
18815,0
4803,0
13627,0
26528,0
19430,0
28130,0
22146,0
11885,0
16540,0
17049,0
21191,0
3281,0
26209,0
9023,0
17611,0
19193,0
9648,0
14967,0
15371,0
29066,0
21789,0
2750,1
18587,0
19107,0
20192,0
30344,0
10932,0
14252,0
11211,0
12358,0
18350,0
15426,0
17701,0
6415,0
28372,0
10860,0
10074,0
1472,1
6022,0
9459,0
17671,0
15304,0
26344,0
20986,0
20464,0
9805,0
4395,0
28736,0
15848,0
7557,0
21158,0
8201,0
15902,0
12321,0
27536,0
29414,0
10371,0
22604,0
26188,0
28227,0
18903,0
4774,0
3145,0
5627,0
29072,0
12422,0
11220,0
8121,0
14870,0
14544,0
5902,0
12337,0
12357,0
12472,0
11165,0
13169,0
8701,0
7142,0
27327,0
4353,0
30323,0
28908,0
5661,0
10629,0
14227,0
16575,0
6091,0
4434,0
6800,0
3404,0
6763,0
27571,0
27956,0
7416,0
3123,0
15240,0
21103,0
18994,0
10252,0
4106,0
7435,0
13857,0
5291,0
9739,0
27407,0
22321,0
21743,0
21640,0
4403,0
11562,0
6008,0
13687,0
27817,0
12082,0
26032,0
22497,0
28395,0
19932,0
10739,0
29280,0
28485,0
19157,0
21430,0
13700,0
9084,0
28537,0
3487,0
14149,0
14357,0
16750,0
4878,0
29540,0
18993,0
26401,0
6752,0
11291,0
19109,0
22260,0
26318,0
15800,0
15660,0
5215,0
27263,0
29637,0
21333,0
7978,0
7909,0
4603,0
7225,0
16702,0
10337,0
9935,0
12338,0
4096,0
14034,0
5590,0
19554,0
12020,0
28070,0
12236,0
5232,0
9911,0
28963,0
16622,0
2604,1
27272,0
12713,0
22468,0
26639,0
1136,1
9037,0
14887,0
20683,0
28725,0
28451,0
7920,0
4788,0
21424,0
21161,0
20117,0
11864,0
6553,0
4377,0
16851,0
3393,0
3310,0
14821,0
5478,0
20994,0
6189,0
8848,0
9681,0
19010,0
27838,0
15654,0
22507,0
3717,0
29484,0
16995,0
16843,0
14727,0
20005,0
16167,0
28944,0
21057,0
3418,0
14832,0
13953,0
13348,0
19790,0
28031,0
22894,0
10447,0
16438,0
29249,0
15810,0
10505,0
19435,0
19472,0
17473,0
28369,0
26913,0
8057,0
13910,0
5925,0
16878,0
5606,0
15644,0
14898,0
5634,0
5848,0
3616,0
4349,0
27900,0
10096,0
14471,0
3366,0
12098,0
4145,0
11670,0
10502,0
20339,0
12569,0
27923,0
7677,0
19353,0
29538,0
30409,0
12051,0
6723,0
16781,0
17421,0
19179,0
5866,0
29580,0
8877,0
8212,0
7746,0
4512,0
18546,0
6170,0
17638,0
6187,0
15854,0
17014,0
18868,0
16497,0
16678,0
22189,0
3509,0
15812,0
27380,0
13534,0
12267,0
13325,0
6892,0
29255,0
12273,0
26502,0
11789,0
28410,0
12146,0
19740,0
8128,0
20470,0
5750,0
5309,0
21998,0
6510,0
4157,0
28472,0
22074,0
16584,0
9499,0
3961,0
7206,0
15886,0
16340,0
3940,0
11179,0
14237,0
5446,0
20585,0
14477,0
10265,0
6289,0
6794,0
3365,0
11034,0
11752,0
8394,0
27647,0
8115,0
29222,0
3550,0
10612,0
19287,0
27326,0
13312,0
19033,0
12739,0
15924,0
17352,0
3811,0
3880,0
29567,0
2669,1
13239,0
7465,0
26989,0
12514,0
28674,0
29925,0
12015,0
5695,0
20920,0
16112,0
27227,0
20508,0
26578,0
20802,0
17236,0
22439,0
7689,0
20214,0
16491,0
17077,0
18008,0
15773,0
27819,0
29780,0
4733,0
16125,0
8668,0
18617,0
19383,0
16888,0
22913,0
861,1
28416,0
8165,0
16707,0
18920,0
16860,0
26471,0
15051,0
26939,0
2098,1
9785,0
19181,0
11892,0
26869,0
6044,0
17385,0
7625,0
7735,0
16433,0
13227,0
17031,0
28683,0
8142,0
26063,0
5270,0
5125,0
21413,0
17504,0
18658,0
18338,0
23678,0
27228,0
10898,0
6749,0
14040,0
14572,0
17547,0
21316,0
12111,0
11973,0
17792,0
15659,0
29995,0
26707,0
8392,0
5206,0
9585,0
13680,0
20694,0
27550,0
11509,0
8752,0
12429,0
30238,0
6065,0
8312,0
4061,0
20702,0
4574,0
7445,0
20528,0
7925,0
8506,0
19668,0
4389,0
5640,0
5772,0
21796,0
13350,0
22451,0
17655,0
29978,0
3807,0
7973,0
21300,0
14847,0
20085,0
26514,0
12779,0
20656,0
1871,1
3611,0
12441,0
9993,0
17823,0
17150,0
9493,0
7549,0
28795,0
6923,0
21629,0
14841,0
24901,0
4778,0
13710,0
18748,0
6594,0
20628,0
13637,0
14143,0
16154,0
5537,0
13579,0
4473,0
28577,0
6921,0
6373,0
18107,0
29186,0
18280,0
11899,0
13159,0
16721,0
14323,0
10539,0
11147,0
20617,0
703,1
17997,0
17128,0
28754,0
8228,0
28076,0
22004,0
9461,0
6441,0
22775,0
9851,0
11463,0
7753,0
16923,0
16192,0
27040,0
26459,0
16657,0
6957,0
13311,0
12206,0
29166,0
19939,0
8015,0
5833,0
15374,0
16881,0
15388,0
21270,0
11917,0
13473,0
17155,0
4246,0
9618,0
26564,0
12382,0
7530,0
16037,0
17156,0
9834,0
26096,0
3413,0
5099,0
14106,0
14605,0
16885,0
4952,0
28064,0
13844,0
19222,0
8909,0
29178,0
14981,0
26359,0
19747,0
3643,0
11017,0
26145,0
12074,0
19511,0
9820,0
7147,0
28778,0
15865,0
19899,0
20685,0
5090,0
8390,0
5076,0
28784,0
19019,0
14492,0
18974,0
9844,0
30288,0
27319,0
11067,0
28448,0
12054,0
20620,0
3028,0
22905,0
22652,0
13765,0
28746,0
9026,0
27753,0
28592,0
12203,0
7115,0
8223,0
21408,0
11824,0
18945,0
6307,0
14844,0
18635,0
30302,0
21847,0
6671,0
5811,0
26177,0
26757,0
11318,0
30281,0
7439,0
27442,0
10910,0
18887,0
2400,1
22568,0
14089,0
4420,0
21475,0
8263,0
3092,0
9093,0
19338,0
6760,0
28440,0
8339,0
26184,0
18504,0
26431,0
15628,0
29606,0
11344,0
10106,0
12574,0
14753,0
3896,0
1536,1
27479,0
27676,0
18706,0
4587,0
10412,0
17035,0
8858,0
4887,0
9914,0
6687,0
27625,0
6271,0
3261,0
10251,0
27003,0
9592,0
9472,0
27871,0
15907,0
11540,0
4225,0
3299,0
7299,0
11634,0
3431,0
12481,0
22859,0
17075,0
12064,0
6132,0
3325,0
1703,1
10042,0
15235,0
7477,0
7448,0
7595,0
15998,0
22221,0
11361,0
26866,0
15004,0
27798,0
28331,0
18596,0
15423,0
3716,0
27260,0
13975,0
9386,0
765,1
22752,0
11185,0
4776,0
18874,0
1511,1
27437,0
22564,0
27764,0
19470,0
20479,0
10280,0
22470,0
10401,0
27510,0
8153,0
16097,0
6457,0
18889,0
19770,0
8547,0
13455,0
17586,0
5380,0
18169,0
19670,0
19879,0
5825,0
18065,0
21946,0
5142,0
10094,0
26523,0
13620,0
4115,0
21041,0
4378,0
29000,0
19867,0
5508,0
7478,0
20226,0
8699,0
26986,0
8439,0
5815,0
5952,0
7702,0
19316,0
18666,0
12993,0
16324,0
22715,0
4423,0
4216,0
7891,0
27337,0
28435,0
9252,0
16377,0
5687,0
27526,0
3050,0
27818,0
20089,0
11814,0
13398,0
19147,0
28102,0
16796,0
12840,0
29053,0
13495,0
27666,0
18055,0
14272,0
7885,0
12981,0
12705,0
12781,0
29527,0
12647,0
19454,0
19152,0
28315,0
12516,0
759,1
20405,0
28589,0
14992,0
5709,0
14535,0
19421,0
10455,0
20739,0
17082,0
18739,0
8231,0
26519,0
11977,0
16993,0
26718,0
27156,0
29981,0
6894,0
26632,0
20222,0
9670,0
4646,0
26943,0
5495,0
8044,0
27942,0
8963,0
20309,0
19482,0
26139,0
8407,0
5209,0
22238,0
11475,0
11066,0
26350,0
15385,0
18035,0
28654,0
29314,0
30032,0
9718,0
6972,0
295,1
26243,0
4824,0
1286,1
27601,0
13879,0
18058,0
17241,0
29477,0
30397,0
18349,0
27866,0
22877,0
12724,0
10038,0
5760,0
5550,0
22848,0
13595,0
22375,0
21329,0
20201,0
7249,0
17577,0
22025,0
11278,0
22392,0
26569,0
14791,0
29488,0
7667,0
9890,0
9209,0
17596,0
21036,0
8465,0
3647,0
6801,0
21226,0
28298,0
11370,0
13822,0
21602,0
27256,0
3114,0
22220,0
28641,0
7403,0
4676,0
19090,0
18668,0
4424,0
18193,0
10529,0
19360,0
9659,0
9287,0
16902,0
20791,0
11996,0
9564,0
13773,0
13176,0
3749,0
4852,0
15285,0
10914,0
9943,0
20736,0
20519,0
19195,0
5188,0
11578,0
18814,0
28226,0
12290,0
10324,0
18987,0
30339,0
24718,0
17384,0
13990,0
15863,0
20826,0
11110,0
27454,0
7044,0
6382,0
22711,0
11573,0
13465,0
1916,1
26178,0
17516,0
27659,0
10179,0
21862,0
7331,0
28216,0
28532,0
28151,0
20930,0
29447,0
13083,0
17569,0
10423,0
3478,0
13512,0
5630,0
13608,0
29374,0
12426,0
13570,0
27542,0
19845,0
20123,0
22264,0
21249,0
27814,0
10439,0
22178,0
29902,0
10562,0
14329,0
12079,0
14303,0
16421,0
26495,0
5339,0
3982,0
4671,0
13652,0
2524,1
6647,0
15101,0
27875,0
13278,0
4250,0
30132,0
29197,0
27200,0
3402,0
8695,0
12791,0
14757,0
7816,0
8613,0
10514,0
16974,0
6134,0
27253,0
26082,0
12566,0
14461,0
13365,0
28397,0
27009,0
6591,0
10962,0
7300,0
11984,0
3521,0
22620,0
14146,0
21876,0
28144,0
29998,0
14481,0
4614,0
17441,0
10184,0
27560,0
19307,0
10723,0
4591,0
20516,0
20247,0
26480,0
30204,0
27979,0
21768,0
13206,0
10208,0
3351,0
3432,0
5370,0
11620,0
8482,0
3138,0
21941,0
17882,0
26693,0
18273,0
21050,0
28923,0
29247,0
13220,0
18172,0
10000,0
2321,1
9677,0
14526,0
8580,0
5826,0
6694,0
10953,0
22033,0
30035,0
3928,0
22696,0
12826,0
26226,0
18142,0
22561,0
8286,0
6467,0
3651,0
21603,0
11506,0
20742,0
5170,0
19164,0
11226,0
5858,0
22144,0
29136,0
22243,0
6402,0
11068,0
12308,0
17171,0
13711,0
7480,0
18254,0
27184,0
12673,0
21095,0
4474,0
15831,0
18508,0
14665,0
21647,0
19987,0
9306,0
15598,0
19820,0
8008,0
9633,0
8328,0
19530,0
15008,0
29711,0
421,1
16486,0
16806,0
12812,0
29088,0
16986,0
14820,0
13708,0
11044,0
26398,0
21820,0
16972,0
6442,0
380,1
16495,0
10485,0
26118,0
7344,0
9697,0
21420,0
3346,0
20555,0
16576,0
6528,0
8364,0
15686,0
8582,0
8472,0
16187,0
20982,0
11714,0
11079,0
11178,0
17188,0
11843,0
5307,0
12254,0
28442,0
14007,0
29345,0
11005,0
17777,0
7121,0
11501,0
26537,0
22599,0
5052,0
30177,0
12771,0
3147,0
19831,0
27605,0
20349,0
9041,0
16831,0
17934,0
2608,1
3348,0
22305,0
7620,0
22607,0
17318,0
26476,0
20748,0
10755,0
19367,0
16587,0
2027,1
13795,0
19428,0
30239,0
24891,0
8185,0
4782,0
5963,0
8189,0
25825,0
28588,0
14147,0
28175,0
28904,0
21698,0
6443,0
8369,0
26954,0
10004,0
9232,0
17930,0
12356,0
13854,0
27527,0
30388,0
30126,0
9225,0
26432,0
19692,0
29153,0
30211,0
28582,0
19350,0
3475,0
17182,0
11961,0
22654,0
26429,0
7214,0
18996,0
19005,0
16617,0
28301,0
20850,0
6196,0
16345,0
29908,0
13144,0
26470,0
2768,1
21004,0
18099,0
11394,0
21091,0
18253,0
12994,0
21897,0
19017,0
12871,0
16028,0
27332,0
27037,0
27359,0
28693,0
17226,0
18019,0
5948,0
22553,0
6722,0
14822,0
4669,0
7944,0
30282,0
26434,0
8297,0
29150,0
4681,0
21179,0
11461,0
22165,0
7266,0
10020,0
3798,0
18192,0
3577,0
27010,0
15769,0
5226,0
20399,0
21287,0
13533,0
20752,0
20730,0
17210,0
6652,0
9471,0
7515,0
19726,0
8293,0
21034,0
29418,0
26601,0
30268,0
26846,0
13361,0
16535,0
18602,0
28764,0
9601,0
3809,0
14741,0
29281,0
30096,0
5741,0
28676,0
19862,0
8845,0
29137,0
15595,0
6156,0
11655,0
4535,0
20962,0
29867,0
5983,0
5144,0
13669,0
7353,0
18448,0
19311,0
11821,0
26975,0
26513,0
16694,0
5042,0
27675,0
26047,0
14912,0
3644,0
29659,0
3495,0
10172,0
3306,0
10777,0
13116,0
20515,0
9962,0
9011,0
30128,0
473,1
15170,0
14499,0
15289,0
26366,0
18795,0
13995,0
6276,0
8541,0
18097,0
5183,0
6173,0
17585,0
13408,0
14743,0
21992,0
14996,0
18676,0
11521,0
27759,0
15137,0
19978,0
13068,0
12275,0
7517,0
26702,0
18940,0
17748,0
7229,0
21402,0
17072,0
16134,0
19404,0
13576,0
3433,0
12210,0
20861,0
27730,0
18203,0
15205,0
10235,0
18135,0
15643,0
9704,0
1840,1
16225,0
15510,0
23622,0
1858,1
20314,0
21504,0
15259,0
16061,0
19759,0
8662,0
13556,0
11663,0
29811,0
22778,0
4658,0
17935,0
12849,0
8683,0
5116,0
4772,0
28730,0
18793,0
28340,0
20916,0
8137,0
21355,0
14491,0
21563,0
19941,0
26577,0
12531,0
10217,0
17595,0
28445,0
3702,0
15041,0
12546,0
5382,0
19919,0
4874,0
26719,0
4818,0
20199,0
10993,0
5704,0
18478,0
11557,0
5466,0
22208,0
20514,0
29904,0
891,1
28240,0
9285,0
12027,0
4581,0
11621,0
13963,0
4851,0
12802,0
19016,0
4264,0
29615,0
22063,0
18076,0
8166,0
11659,0
27420,0
28743,0
22173,0
29114,0
10197,0
14386,0
18,1
20501,0
8710,0
8362,0
3984,0
13418,0
7672,0
15823,0
28919,0
20291,0
10530,0
4357,0
22592,0
18562,0
11122,0
6244,0
7327,0
12084,0
11797,0
1623,1
12605,0
5056,0
22179,0
18731,0
21425,0
15066,0
9211,0
14248,0
16309,0
7678,0
1457,1
20905,0
12810,0
3515,0
29700,0
19516,0
3067,0
11188,0
21960,0
5802,0
27720,0
4137,0
11614,0
21306,0
18105,0
27931,0
12031,0
19523,0
18802,0
2816,1
12864,0
8463,0
2911,1
8697,0
15486,0
6471,0
7758,0
8345,0
29318,0
18411,0
10725,0
17732,0
6864,0
8612,0
3512,0
9608,0
30303,0
19135,0
15221,0
14232,0
6202,0
15163,0
21314,0
21610,0
13207,0
15692,0
29226,0
29648,0
22170,0
27061,0
5333,0
19597,0
19391,0
11801,0
16838,0
11975,0
22689,0
15857,0
29668,0
7209,0
5676,0
29042,0
29475,0
10615,0
20177,0
21088,0
4391,0
9141,0
27350,0
7755,0
26098,0
17403,0
28872,0
4525,0
29256,0
15165,0
19264,0
4313,0
12062,0
4326,0
22494,0
15976,0
15032,0
19717,0
17715,0
16816,0
19766,0
20360,0
20659,0
20375,0
18073,0
11844,0
22153,0
3017,0
5248,0
15759,0
19475,0
13639,0
3118,0
5456,0
15983,0
10856,0
12824,0
8887,0
28423,0
12986,0
27993,0
5128,0
21320,0
29284,0
16921,0
8357,0
1515,1
19928,0
25868,0
16014,0
20934,0
29179,0
13734,0
28362,0
26682,0
28650,0
7095,0
28059,0
12573,0
28113,0
27758,0
17478,0
26619,0
19815,0
15483,0
18449,0
18416,0
1454,1
12005,0
21544,0
7431,0
17861,0
13014,0
29781,0
7123,0
28517,0
17194,0
5765,0
